disease,link
abdominal adhesions,https://www.earthclinic.com/cures/natural-remedies-for-abdominal-adhesions.html
abdominal fluid,https://www.earthclinic.com/cures/ascites-abdominal-fluid-home-remedies.html
abdominal pain,https://www.earthclinic.com/cures/stomach-pain.html
acanthosis nigricans,https://www.earthclinic.com/cures/acanthosis-nigricans-treatment.html
achilles tendonitis,https://www.earthclinic.com/cures/natural-treatment-achilles-tendonitis.html
acidic ph,https://www.earthclinic.com/cures/ph.html
acid mouth,https://www.earthclinic.com/cures/mouth_acid.html
acid reflux,https://www.earthclinic.com/cures/acid_reflux.html
acid reflux and painkillers,https://www.earthclinic.com/cures/acid_reflux_and_painkillers.html
"acid reflux, art solbrig",https://www.earthclinic.com/cures/art-solbrig-protocol-for-gerd.html
acinetobacter,https://www.earthclinic.com/cures/gram-negative-infection-acinetobacter-bacteria.html
acne,https://www.earthclinic.com/cures/acne.html
"acne, body",https://www.earthclinic.com/cures/body-acne-treatment.html
"acne, cystic",https://www.earthclinic.com/cures/remedies-for-cystic-acne.html
acne rosacea,https://www.earthclinic.com/cures/acne-rosacea-treatment.html
acne scars,https://www.earthclinic.com/cures/treatment-for-acne-scars.html
acoustic neuroma,https://www.earthclinic.com/cures/acoustic-neuroma-treatment.html
actinic keratosis,https://www.earthclinic.com/cures/solar_keratosis.html
acute bronchitis,https://www.earthclinic.com/cures/bronchitis-natural-treatment.html
acute mountain sickness,https://www.earthclinic.com/cures/acute-mountain-sickness-treatment.html
add & adhd,https://www.earthclinic.com/cures/adhd.html
addiction,https://www.earthclinic.com/cures/addiction.html
"addiction, alcohol",https://www.earthclinic.com/cures/alcoholism.html
"addiction, food",https://www.earthclinic.com/cures/treatment-for-food-addiction.html
"addiction, smoking",https://www.earthclinic.com/cures/how-to-quit-smoking-naturally.html
addison's disease,https://www.earthclinic.com/cures/natural-treatment-addisons-disease.html
adenoid cystic carcinoma,https://www.earthclinic.com/cures/adenoid-cystic-cancer.html
adhesions,https://www.earthclinic.com/cures/natural-remedies-for-abdominal-adhesions.html
adrenal fatigue,https://www.earthclinic.com/cures/adrenal_fatigue.html
adrenal insufficiency,https://www.earthclinic.com/cures/natural-treatment-addisons-disease.html
a-fib,https://www.earthclinic.com/cures/atrial-fibrillation.html
agent orange exposure,https://www.earthclinic.com/cures/agent-orange-exposure.html
age spots,https://www.earthclinic.com/cures/natural-remedies-age-spots.html
alcoholism,https://www.earthclinic.com/cures/alcoholism.html
alcohol-related amnesia,https://www.earthclinic.com/cures/alcohol-related-amnesia.html
"alerts, medical",https://www.earthclinic.com/cures/alerts.html
allergies,https://www.earthclinic.com/cures/allergies.html
"allergies, food",https://www.earthclinic.com/cures/food-allergies-natural-cures.html
"allergies, hayfever",https://www.earthclinic.com/cures/hayfever-allergic-rhinitis.html
"alopecia, men",https://www.earthclinic.com/cures/hair-loss-alopecia-men.html
"alopecia, women",https://www.earthclinic.com/cures/hair-loss-alopecia-women.html
als,https://www.earthclinic.com/cures/als-natural-treatment-supplements.html
altitude sickness,https://www.earthclinic.com/cures/acute-mountain-sickness-treatment.html
aluminum poisoning,https://www.earthclinic.com/cures/aluminum-poisoning.html
alzheimer's disease,https://www.earthclinic.com/cures/alzheimers-disease-dementia-treatment.html
amenorrhea,https://www.earthclinic.com/cures/amenorrhea-irregular-periods.html
anal fissures,https://www.earthclinic.com/cures/anal-fissures.html
anal itch,https://www.earthclinic.com/cures/itchy-butt.html
anal pain,https://www.earthclinic.com/cures/proctalgia-fugax.html
anemia,https://www.earthclinic.com/cures/anemia.html
anger,https://www.earthclinic.com/cures/anger-management.html
angina,https://www.earthclinic.com/cures/chest-pain-angina-remedies.html
angioedema,https://www.earthclinic.com/cures/angioedema.html
angular cheilitis,https://www.earthclinic.com/cures/angular-cheilitis.html
angular stomatitis,https://www.earthclinic.com/cures/angular-stomatitis-treatment.html
anhidrosis,https://www.earthclinic.com/cures/anhidrosis.html
ankylosing spondylitis,https://www.earthclinic.com/cures/ankylosis.html
ankylosis,https://www.earthclinic.com/cures/ankylosis.html
anorectal abscess,https://www.earthclinic.com/cures/natural-remedies-perianal-abscess.html
anosmia,https://www.earthclinic.com/cures/anosmia.html
antibiotic side effects,https://www.earthclinic.com/cures/antibiotics-side-effects.html
anxiety,https://www.earthclinic.com/cures/anxiety.html
appendicitis,https://www.earthclinic.com/cures/appendicitis.html
arachnoid cyst,https://www.earthclinic.com/cures/arachnoid-cyst.html
"arches, fallen",https://www.earthclinic.com/cures/flat-feet.html
arrhythmia,https://www.earthclinic.com/cures/arrhythmia.html
arsenic poisoning,https://www.earthclinic.com/cures/arsenic.html
arteriosclerosis - art solbrig,https://www.earthclinic.com/cures/blood-clots-heart-disease-and-melatonin.html
arthritis,https://www.earthclinic.com/cures/arthritis.html
"arthritis, art solbrig remedy",https://www.earthclinic.com/cures/art-solbrig-topical-arthritis-lotion.html
art solbrig - parkinson's,https://www.earthclinic.com/cures/vitamin-d-for-parkinsons.html
art. sweetener side effects,https://www.earthclinic.com/cures/side-effects-artificial-sweeteners.html
as,https://www.earthclinic.com/cures/ankylosis.html
asbestos cancer,https://www.earthclinic.com/cures/mesothelioma.html
asbestosis,https://www.earthclinic.com/cures/asbestosis.html
ascites,https://www.earthclinic.com/cures/ascites-abdominal-fluid-home-remedies.html
aspartame poisoning,https://www.earthclinic.com/cures/aspartame_detoxification.html
asperger syndrome,https://www.earthclinic.com/cures/asperger-syndrome.html
aspergillosis,https://www.earthclinic.com/cures/aspergillosis.html
asthenia,https://www.earthclinic.com/cures/asthenia.html
asthma,https://www.earthclinic.com/cures/asthma.html
asthma - grape seed extract,https://www.earthclinic.com/cures/asthma-and-grape-seed-extract.html
astigmatism,https://www.earthclinic.com/cures/astigmatism.html
athlete's foot,https://www.earthclinic.com/cures/athletes_foot.html
atrial fibrillation,https://www.earthclinic.com/cures/atrial-fibrillation.html
atrophic vaginitis,https://www.earthclinic.com/cures/vaginal-dryness-atrophic-vaginitis-natural-treatment.html
autism,https://www.earthclinic.com/cures/autism.html
autism and low stomach acid,https://www.earthclinic.com/cures/autism-and-low-stomach-acid.html
autoimmune diseases,https://www.earthclinic.com/cures/autoimmune-disease-natural-treatment.html
autoimmune hepatitis,https://www.earthclinic.com/cures/autoimmune-hepatitis.html
back pain,https://www.earthclinic.com/cures/back-pain-relief.html
bacterial vaginosis,https://www.earthclinic.com/cures/bacterial_vaginosis.html
"bacterial vaginosis, men",https://www.earthclinic.com/cures/natural-remedies-for-men-with-bacterial-vaginosis.html
bacterial vaginosis- top cure!,https://www.earthclinic.com/cures/home-remedies-for-bv-hydrogen-peroxide-folic-acid-acidophilus.html
bad breath,https://www.earthclinic.com/cures/breath.html
baker's cyst,https://www.earthclinic.com/cures/bakers-cyst.html
balanitis,https://www.earthclinic.com/cures/balantis.html
barrett's esophagus,https://www.earthclinic.com/cures/barretts-esophagus.html
bartholin cyst,https://www.earthclinic.com/cures/bartholin-cyst-remedies.html
basal cell carcinoma,https://www.earthclinic.com/cures/basal_cell_carcinoma.html
bed bugs,https://www.earthclinic.com/cures/bed-bug-remedies.html
bedsores,https://www.earthclinic.com/cures/bedsore.html
bed-wetting,https://www.earthclinic.com/cures/bed-wetting-enuresis-treatment.html
bee stings,https://www.earthclinic.com/cures/bee_stings.html
behcet's disease,https://www.earthclinic.com/cures/behcets-disease.html
bell's palsy,https://www.earthclinic.com/cures/bells_palsy.html
benign fasciculation syndrome,https://www.earthclinic.com/cures/benign-fasciculation-syndrome.html
benign tumors,https://www.earthclinic.com/cures/natural-remedies-for-benign-tumors.html
bilary reflux,https://www.earthclinic.com/cures/bilary-reflux.html
bile acid malabsorption,https://www.earthclinic.com/cures/bile-acid-malabsorption.html
"biofilms, candida",https://www.earthclinic.com/cures/how-to-inhibit-candida-biofilm.html
bipolar disorder,https://www.earthclinic.com/cures/bipolar-disorder.html
birth control,https://www.earthclinic.com/cures/natural-birth-control-methods.html
birth control pill side effect,https://www.earthclinic.com/cures/birth_control_pill_side_effects.html
blackheads,https://www.earthclinic.com/cures/blackheads.html
blackouts,https://www.earthclinic.com/cures/alcohol-related-amnesia.html
bladder cancer,https://www.earthclinic.com/cures/bladder-cancer.html
"bladder infection, chronic",https://www.earthclinic.com/cures/chronic-bladder-infection-remedies.html
bladder infections,https://www.earthclinic.com/cures/bladder_infection.html
bladder issues,https://www.earthclinic.com/cures/bladder_issues.html
"bladder, prolapsed",https://www.earthclinic.com/cures/prolapsed-bladder.html
bladder stones,https://www.earthclinic.com/cures/natural-remedies-for-bladder-stones.html
blastocystis hominis,https://www.earthclinic.com/cures/natural-remedies-for-blastocystis-hominis.html
blastomycosis,https://www.earthclinic.com/cures/blastomycosis.html
blebs,https://www.earthclinic.com/cures/bleb.html
blepharitis,https://www.earthclinic.com/cures/blepharitis.html
blisters,https://www.earthclinic.com/cures/blisters.html
bloating,https://www.earthclinic.com/cures/fluid_retention.html
blocked ears,https://www.earthclinic.com/cures/blocked-ears.html
blocked fallopian tubes,https://www.earthclinic.com/cures/fallopian_tubes.html
blood clots,https://www.earthclinic.com/cures/blood-clot-treatment.html
blood clots - art solbrig,https://www.earthclinic.com/cures/blood-clots-heart-disease-and-melatonin.html
blood poisoning,https://www.earthclinic.com/cures/blood_poisoning.html
blood pressure - art solbrig,https://www.earthclinic.com/cures/high-blood-pressure-carditone.html
"blood pressure, low",https://www.earthclinic.com/cures/low-blood-pressure.html
blood stains,https://www.earthclinic.com/cures/blood_stains.html
bloody nose,https://www.earthclinic.com/cures/bloody-nose-treatment.html
blurry vision,https://www.earthclinic.com/cures/blurry-eyes.html
body acne,https://www.earthclinic.com/cures/body-acne-treatment.html
body hair,https://www.earthclinic.com/cures/body-hair-removal-treatment.html
body hair removal,https://www.earthclinic.com/cures/body-hair-removal-treatment.html
body odor,https://www.earthclinic.com/cures/body_odor.html
boils,https://www.earthclinic.com/cures/boils.html
bone cancer,https://www.earthclinic.com/cures/bone-cancer-treatment.html
bone chip,https://www.earthclinic.com/cures/osteochondritis-dissecans-treatment.html
bone crackling,https://www.earthclinic.com/cures/crepitus-neck-treatment.html
bone density,https://www.earthclinic.com/cures/bone-mineral-density-remedies.html
bone infection,https://www.earthclinic.com/cures/osteomyelitis.html
bone spurs,https://www.earthclinic.com/cures/bone_spur.html
bourneville's disease,https://www.earthclinic.com/cures/bournevilles-disease-holistic-treatment.html
bowel problems,https://www.earthclinic.com/cures/bowel-issues.html
bow legs,https://www.earthclinic.com/cures/bow-leg.html
bradycardia,https://www.earthclinic.com/cures/bradycardia-remedies.html
brain fog,https://www.earthclinic.com/cures/brain_fog.html
brain injuries,https://www.earthclinic.com/cures/brain-injury-recovery-supplements.html
brain tumor,https://www.earthclinic.com/cures/brain-tumor.html
breast cancer,https://www.earthclinic.com/cures/breast-cancer-treatment.html
breast cysts,https://www.earthclinic.com/cures/common-breast-problems.html
breast implant side effects,https://www.earthclinic.com/cures/breast-implant-side-effects.html
breast infection,https://www.earthclinic.com/cures/mastitis.html
"breasts, lumpy",https://www.earthclinic.com/cures/fibrocystic-breast-disease-treatment.html
"breath, bad",https://www.earthclinic.com/cures/breath.html
breathing issues,https://www.earthclinic.com/cures/breathing_issues.html
broken capillaries,https://www.earthclinic.com/cures/broken-capillaries-treatment-folk-medicine.html
bronchiectasis,https://www.earthclinic.com/cures/bronchiectasis.html
bronchitis,https://www.earthclinic.com/cures/bronchitis-natural-treatment.html
brown recluse spider bite,https://www.earthclinic.com/cures/natural-remedies-brown-recluse-bite.html
brucellosis,https://www.earthclinic.com/cures/malta-fever.html
bruise,https://www.earthclinic.com/cures/bruise.html
bruxism,https://www.earthclinic.com/cures/teeth-grinding.html
bulimia,https://www.earthclinic.com/cures/bulimia.html
bunions,https://www.earthclinic.com/cures/bunions.html
burning feet,https://www.earthclinic.com/cures/burning-feet.html
burning mouth syndrome,https://www.earthclinic.com/cures/burning-mouth-syndrome.html
burning tongue,https://www.earthclinic.com/cures/burning-mouth-syndrome.html
"burn, razor",https://www.earthclinic.com/cures/razor-burn-remedies.html
burns,https://www.earthclinic.com/cures/burns.html
burping,https://www.earthclinic.com/cures/belching-burping-home-remedies.html
bursitis,https://www.earthclinic.com/cures/bursitis.html
bv,https://www.earthclinic.com/cures/bacterial_vaginosis.html
"bv, men",https://www.earthclinic.com/cures/natural-remedies-for-men-with-bacterial-vaginosis.html
calcium deposits,https://www.earthclinic.com/cures/calcium-deposits.html
callus,https://www.earthclinic.com/cures/callus.html
cancer,https://www.earthclinic.com/cures/cancer.html
"cancer, adenoid",https://www.earthclinic.com/cures/adenoid-cystic-cancer.html
"cancer, bladder",https://www.earthclinic.com/cures/bladder-cancer.html
"cancer, bone",https://www.earthclinic.com/cures/bone-cancer-treatment.html
"cancer, breast",https://www.earthclinic.com/cures/breast-cancer-treatment.html
"cancer, cervical",https://www.earthclinic.com/cures/cervical-cancer.html
"cancer, colon",https://www.earthclinic.com/cures/colon-cancer.html
"cancer, lung",https://www.earthclinic.com/cures/alternative-treatments-for-lung-cancer.html
"cancer, pancreatic",https://www.earthclinic.com/cures/pancreatic-cancer.html
"cancer, prostate",https://www.earthclinic.com/cures/prostate-cancer.html
"cancer, stomach",https://www.earthclinic.com/cures/stomach-cancer.html
"cancer, ted's remedies",https://www.earthclinic.com/cures/teds-cancer-remedies.html
"cancer, turmeric cure",https://www.earthclinic.com/cures/turmeric-for-cancer.html
candida,https://www.earthclinic.com/cures/candida.html
candida - art's protocol,https://www.earthclinic.com/cures/how-to-inhibit-candida-biofilm.html
candida - bill thompson,https://www.earthclinic.com/cures/candida-diet-protocol.html
candida - herbal remedies,https://www.earthclinic.com/cures/cure-candida-infection-herbal-remedies.html
canker sores,https://www.earthclinic.com/cures/canker_sores.html
cannabis side effects,https://www.earthclinic.com/cures/marijuana-and-the-teenage-brain.html
carbon dioxide poisoning,https://www.earthclinic.com/cures/high-carbon-dioxide.html
carbon monoxide poisoning,https://www.earthclinic.com/cures/carbon-monoxide-poisoning.html
cardiac arrhythmia,https://www.earthclinic.com/cures/arrhythmia.html
cardiovascular disease,https://www.earthclinic.com/cures/heart-disease-prevention.html
"cardiovascular disease, art solbrig",https://www.earthclinic.com/cures/melatonin-for-cardiovascular-disease.html
carpal tunnel syndrome,https://www.earthclinic.com/cures/carpal_tunnel_syndrome.html
cataracts,https://www.earthclinic.com/cures/cataracts.html
catarrh,https://www.earthclinic.com/cures/catarrh.html
cavities,https://www.earthclinic.com/cures/dental_caries.html
c. difficile,https://www.earthclinic.com/cures/c-diff.html
celiac disease,https://www.earthclinic.com/cures/celiac-disease-alternative-medicine.html
cellulite,https://www.earthclinic.com/cures/cellulite.html
cellulitis,https://www.earthclinic.com/cures/cellulitis.html
cerebral palsy,https://www.earthclinic.com/cures/cerebral-palsy.html
cervical cancer,https://www.earthclinic.com/cures/cervical-cancer.html
cfs,https://www.earthclinic.com/cures/chronic_fatigue_syndrome.html
chalazion,https://www.earthclinic.com/cures/chalazion.html
charcot marie tooth disease,https://www.earthclinic.com/cures/charcot-marie-tooth-disease.html
charcot's joint,https://www.earthclinic.com/cures/charcots-joint.html
chemical sensitivity,https://www.earthclinic.com/cures/chemical_sensitivity.html
chemotherapy side effects,https://www.earthclinic.com/cures/chemotherapy-side-effects.html
cherry angioma,https://www.earthclinic.com/cures/cherry-angioma.html
chest pain,https://www.earthclinic.com/cures/chest-pain-angina-remedies.html
chicken pox,https://www.earthclinic.com/cures/chicken-pox.html
chikungunya virus,https://www.earthclinic.com/cures/natural-remedies-for-chikungunya-virus.html
chilblains,https://www.earthclinic.com/cures/chilblains.html
childbirth healing,https://www.earthclinic.com/cures/natural-remedies-for-postpartum-healing.html
children's remedies,https://www.earthclinic.com/cures/children_and_infants.html
cholecystectomy,https://www.earthclinic.com/cures/cholecystectomy.html
"cholesterol, high",https://www.earthclinic.com/cures/cholesterol.html
chordoma,https://www.earthclinic.com/cures/chordoma.html
chronic bladder infection,https://www.earthclinic.com/cures/chronic-bladder-infection-remedies.html
chronic bronchitis,https://www.earthclinic.com/cures/bronchitis-natural-treatment.html
chronic diarrhea,https://www.earthclinic.com/cures/bile-acid-malabsorption.html
chronic fatigue syndrome,https://www.earthclinic.com/cures/chronic_fatigue_syndrome.html
chronic headache,https://www.earthclinic.com/cures/cluster-headaches-treatment.html
chronic kidney disease,https://www.earthclinic.com/cures/chronic-kidney-disease-art-solbrig.html
"chronic pain, art solbrig",https://www.earthclinic.com/cures/pain-relief-remedies-art-solbrig.html
chronic pain syndrome,https://www.earthclinic.com/cures/chronic-pain-syndrome.html
chronic pelvic pain syndrome,https://www.earthclinic.com/cures/chronic-pelvic-pain-syndrome.html
chronic renal failure,https://www.earthclinic.com/cures/chronic-renal-failure.html
chronic sinusitis,https://www.earthclinic.com/cures/natural-remedies-for-chronic-sinusitis-relief.html
chronic traumatic encephalopathy,https://www.earthclinic.com/cures/chronic-traumatic-encephalopathy.html
chronic virus,https://www.earthclinic.com/cures/virus.html
"circulation, legs, poor",https://www.earthclinic.com/cures/poor-circulation-legs.html
"circulation, poor",https://www.earthclinic.com/cures/circulation.html
cirrhosis,https://www.earthclinic.com/cures/cirrhosis.html
ckd,https://www.earthclinic.com/cures/chronic-renal-failure.html
ckd (art solbrig),https://www.earthclinic.com/cures/chronic-kidney-disease-art-solbrig.html
clogged pores,https://www.earthclinic.com/cures/clogged_pores.html
clostridium difficile,https://www.earthclinic.com/cures/c-diff.html
cluster headaches,https://www.earthclinic.com/cures/cluster-headaches-treatment.html
coating on the tongue,https://www.earthclinic.com/cures/tongue.html
coccidioidomycosis,https://www.earthclinic.com/cures/valley-fever.html
codex alimentarius forum,https://www.earthclinic.com/cures/codex-alimentarius.html
cold hands and feet,https://www.earthclinic.com/cures/cold-hands-and-feet.html
cold prevention,https://www.earthclinic.com/cures/cold-and-flu-prevention.html
colds,https://www.earthclinic.com/cures/colds.html
"colds, in elderly",https://www.earthclinic.com/cures/cold-remedies-elderly.html
cold sores,https://www.earthclinic.com/cures/natural-cold-sore-remedies.html
colic,https://www.earthclinic.com/cures/colic.html
"colitis, ulcerative",https://www.earthclinic.com/cures/ulcerative-colitis-holistic-treatment.html
collagenous colitis,https://www.earthclinic.com/cures/collagenous-colitis.html
colon cancer,https://www.earthclinic.com/cures/colon-cancer.html
coma,https://www.earthclinic.com/cures/coma.html
common cold,https://www.earthclinic.com/cures/colds.html
computer vision syndrome,https://www.earthclinic.com/cures/computer-vision-syndrome.html
concussion,https://www.earthclinic.com/cures/brain-injury-recovery-supplements.html
concussion,https://www.earthclinic.com/cures/concussion-natural-treatment.html
congestion,https://www.earthclinic.com/cures/sinus_congestion.html
congestive heart failure,https://www.earthclinic.com/cures/congestive-heart-failure.html
conjunctivitis,https://www.earthclinic.com/cures/viral_conjunctivitis.html
constipation,https://www.earthclinic.com/cures/constipation.html
"constipation, elderly",https://www.earthclinic.com/cures/elderly-constipation-remedies.html
contact dermatitis,https://www.earthclinic.com/cures/dermatitis.html
copd,https://www.earthclinic.com/cures/copd-treatment-chronic-obstructive-pulmonary-disease.html
"copd, art solbrig",https://www.earthclinic.com/cures/melatonin-for-copd.html
corneal ulcer,https://www.earthclinic.com/cures/corneal-ulcer-treatment.html
corns,https://www.earthclinic.com/cures/corns.html
corn syrup side effects,https://www.earthclinic.com/cures/corn-syrup-side-effects.html
coronavirus,https://www.earthclinic.com/cures/coronavirus.html
corticobasal degeneration,https://www.earthclinic.com/cures/corticobasal-degeneration.html
costochondritis,https://www.earthclinic.com/cures/costochondritis.html
"cough, chronic",https://www.earthclinic.com/cures/chronic-cough-remedies.html
coughs,https://www.earthclinic.com/cures/coughs.html
covid-19,https://www.earthclinic.com/cures/coronavirus.html
covid-19 long haulers,https://www.earthclinic.com/cures/post-covid-long-haulers.html
"covid, long by art solbrig",https://www.earthclinic.com/cures/supplements-for-long-covid.html
covid vaccine side effects,https://www.earthclinic.com/cures/covid-vaccine-side-effects.html
cracked heels,https://www.earthclinic.com/cures/cracked_heels.html
"cramps, menstrual",https://www.earthclinic.com/cures/home-remedies-for-menstrual-cramps.html
"cramps, muscle",https://www.earthclinic.com/cures/muscle_cramps.html
crest syndrome,https://www.earthclinic.com/cures/crest_disease.html
cricopharyngeal spasm,https://www.earthclinic.com/cures/cricopharyngeal-spasm.html
crohn's disease,https://www.earthclinic.com/cures/crohns-disease.html
croup,https://www.earthclinic.com/cures/croup.html
cte,https://www.earthclinic.com/cures/chronic-traumatic-encephalopathy.html
curvature of the penis,https://www.earthclinic.com/cures/peyronies-disease.html
cuts,https://www.earthclinic.com/cures/cuts.html
cvd,https://www.earthclinic.com/cures/heart-disease-prevention.html
cystic acne,https://www.earthclinic.com/cures/remedies-for-cystic-acne.html
cystic fibrosis,https://www.earthclinic.com/cures/treatment-for-cystic-fibrosis-alternative-medicine.html
cystocele,https://www.earthclinic.com/cures/prolapsed-bladder.html
cysts,https://www.earthclinic.com/cures/cysts.html
"cysts, bartholin",https://www.earthclinic.com/cures/bartholin-cyst-remedies.html
"cysts, breast",https://www.earthclinic.com/cures/common-breast-problems.html
"cysts, hair follicle",https://www.earthclinic.com/cures/hair_follicle_cyst.html
"cysts, ovarian",https://www.earthclinic.com/cures/ovarian_cysts.html
"cysts, vaginal",https://www.earthclinic.com/cures/vaginal_cysts.html
cytolytic vaginosis,https://www.earthclinic.com/cures/natural-remedies-for-cytolytic-vaginosis.html
dancer's hip,https://www.earthclinic.com/cures/snapping-hip-syndrome.html
dandruff,https://www.earthclinic.com/cures/top-natural-remedies-for-dandruff.html
dark circles under eyes,https://www.earthclinic.com/cures/dark-eye-circles-treatment.html
ddd,https://www.earthclinic.com/cures/degenerative-disc-disease.html
deep vein thrombosis,https://www.earthclinic.com/cures/blood-clot-treatment.html
degenerative disc disease,https://www.earthclinic.com/cures/degenerative-disc-disease.html
degenerative disc remedies-,https://www.earthclinic.com/cures/ddd-art-solbrig.html
dehydration,https://www.earthclinic.com/cures/dehydration.html
dementia,https://www.earthclinic.com/cures/alzheimers-disease-dementia-treatment.html
"dementia, art solbrig",https://www.earthclinic.com/cures/art-solbrig-protocol-for-memory-loss.html
dementia with lewy bodies,https://www.earthclinic.com/cures/lewy-body-disease.html
dengue fever,https://www.earthclinic.com/cures/dengue.html
dental extraction pain,https://www.earthclinic.com/cures/dental-extraction-pain.html
dental health,https://www.earthclinic.com/cures/dental-health.html
dental infection,https://www.earthclinic.com/cures/tooth_abscess.html
depression,https://www.earthclinic.com/cures/depression.html
dermatillomania,https://www.earthclinic.com/cures/dermatillomania.html
dermatitis,https://www.earthclinic.com/cures/dermatitis.html
dermatographic urticaria,https://www.earthclinic.com/cures/dermatographic-urticaria.html
desmoplastic fibroma,https://www.earthclinic.com/cures/desmoplastic-fibroma.html
detoxing heavy metals,https://www.earthclinic.com/cures/detox-heavy-metals-side-effects.html
detoxing remedies,https://www.earthclinic.com/cures/detoxification.html
deviated septum,https://www.earthclinic.com/cures/deviated-septum.html
"diabetes, berberine",https://www.earthclinic.com/cures/berberine-for-diabetes.html
diabetes - magnesium protocol,https://www.earthclinic.com/cures/magnesium-for-diabetes-art-solbrig.html
diabetes type i,https://www.earthclinic.com/cures/diabetes-type-I.html
diabetes type ii,https://www.earthclinic.com/cures/diabetes-type-ii-treatment.html
diabetic neuropathy,https://www.earthclinic.com/cures/diabetic-neuropathy-treatment.html
diarrhea,https://www.earthclinic.com/cures/diarrhea.html
"diarrhea, chronic",https://www.earthclinic.com/cures/bile-acid-malabsorption.html
diet: 5:2 intermittent fast,https://www.earthclinic.com/cures/does-the-5-2-diet-work.html
digestion,https://www.earthclinic.com/cures/digestion.html
"digestion, gut microbiome",https://www.earthclinic.com/cures/gut-microbiome.html
dioxin poisoning,https://www.earthclinic.com/cures/agent-orange-exposure.html
diphtheria remedies,https://www.earthclinic.com/cures/diphtheria.html
diverticulitis treatment,https://www.earthclinic.com/cures/diverticulosis-diverticulitis-treatment.html
dizziness,https://www.earthclinic.com/cures/dizziness.html
dry eyes,https://www.earthclinic.com/cures/natural-remedies-for-dry-eyes.html
"dry eyes, art solbrig",https://www.earthclinic.com/cures/dry-mouth-xylitol-spray.html
dry mouth,https://www.earthclinic.com/cures/dry-mouth.html
"dry mouth, art solbrig",https://www.earthclinic.com/cures/dry-mouth-xylitol-spray.html
dry nose,https://www.earthclinic.com/cures/natural-remedies-for-dry-nose.html
dry skin,https://www.earthclinic.com/cures/home-remedies-for-dry-skin.html
dumping syndrome,https://www.earthclinic.com/cures/rapid-dumping-syndrome.html
duodenal hemorrhages,https://www.earthclinic.com/cures/gastrointestinal-bleeding.html
dupuytren's contracture,https://www.earthclinic.com/cures/dupuytrens-contracture.html
dvt,https://www.earthclinic.com/cures/blood-clot-treatment.html
dypsnea,https://www.earthclinic.com/cures/dyspnea.html
dysautonomia,https://www.earthclinic.com/cures/natural-treatment-for-dysautonomia.html
dysmenorrhea,https://www.earthclinic.com/cures/heavy-menstrual-bleeding.html
earaches,https://www.earthclinic.com/cures/natural-treatment-earaches.html
ear infections,https://www.earthclinic.com/cures/10-easy-remedies-for-ear-infections.html
ear issues,https://www.earthclinic.com/cures/ear-issues.html
ear pain,https://www.earthclinic.com/cures/natural-treatment-earaches.html
ears - eustachian tubes,https://www.earthclinic.com/cures/natural-remedies-for-blocked-eustachian-tubes.html
ears - gnat bites,https://www.earthclinic.com/cures/gnat_bites.html
ears - itchy,https://www.earthclinic.com/cures/itchy-ears.html
ear wax,https://www.earthclinic.com/cures/ear-wax-removal-home-remedy.html
ebola,https://www.earthclinic.com/cures/ebola.html
ebv,https://www.earthclinic.com/cures/epstein-barr-virus.html
e. coli,https://www.earthclinic.com/cures/e-coli.html
eczema,https://www.earthclinic.com/cures/natural-treatment-eczema.html
ed,https://www.earthclinic.com/cures/erectile-dysfunction.html
edema,https://www.earthclinic.com/cures/edema.html
edentulism,https://www.earthclinic.com/cures/tooth_loss.html
ehlers-danlos syndrome,https://www.earthclinic.com/cures/ehlers-danlos-syndrome.html
electrolytic imbalance,https://www.earthclinic.com/cures/electrolytic_imbalance.html
electromagnetic frequencies,https://www.earthclinic.com/cures/emf.html
elevated liver enzymes,https://www.earthclinic.com/cures/liver-damage-treatment.html
emf,https://www.earthclinic.com/cures/emf.html
emphysema,https://www.earthclinic.com/cures/emphysema.html
endometriosis,https://www.earthclinic.com/cures/endometriosis.html
enlarged prostate,https://www.earthclinic.com/cures/enlarged-prostate-prostatitis.html
enuresis,https://www.earthclinic.com/cures/bed-wetting-enuresis-treatment.html
eosinophilic esophagitis,https://www.earthclinic.com/cures/eosinophilic-esophagitis-treatment.html
epididymitis,https://www.earthclinic.com/cures/epididymitis.html
epilepsy,https://www.earthclinic.com/cures/epilepsy.html
epstein barr virus,https://www.earthclinic.com/cures/epstein-barr-virus.html
erectile dysfunction,https://www.earthclinic.com/cures/erectile-dysfunction.html
erythema nodosum,https://www.earthclinic.com/cures/erythema-nodosum.html
erythrodermic psoriasis,https://www.earthclinic.com/cures/erythrodermic-pustular-psoriasis.html
esophageal spasms,https://www.earthclinic.com/cures/ten-remedies-for-esophageal-spasms.html
esophageal stricture,https://www.earthclinic.com/cures/esophageal-stricture.html
essential tremor,https://www.earthclinic.com/cures/essential-tremor.html
"eustachian tubes, blocked",https://www.earthclinic.com/cures/natural-remedies-for-blocked-eustachian-tubes.html
excess body hair,https://www.earthclinic.com/cures/body-hair-removal-treatment.html
excessive sweating,https://www.earthclinic.com/cures/sweat.html
excitotoxicity,https://www.earthclinic.com/cures/excitotoxicity.html
exercise for the elderly,https://www.earthclinic.com/cures/exercise-for-the-elderly.html
exercise-induced urticaria,https://www.earthclinic.com/cures/exercised-induced-urticaria-treatment-remedies.html
exfoliative cheilitis,https://www.earthclinic.com/cures/exfoliative-cheilitis.html
exotosis,https://www.earthclinic.com/cures/exotosis.html
eye floaters,https://www.earthclinic.com/cures/eye-floaters.html
"eye floaters, art solbrig",https://www.earthclinic.com/cures/dry-mouth-xylitol-spray.html
eye issues,https://www.earthclinic.com/cures/eyes.html
eyelash loss,https://www.earthclinic.com/cures/eyelash-loss.html
"eyes, astigmatism",https://www.earthclinic.com/cures/astigmatism.html
"eyes, blurry",https://www.earthclinic.com/cures/blurry-eyes.html
"eyes, cataracts",https://www.earthclinic.com/cures/cataracts.html
eyes - dark circles,https://www.earthclinic.com/cures/dark-eye-circles-treatment.html
"eyes, dry",https://www.earthclinic.com/cures/natural-remedies-for-dry-eyes.html
"eyes, infections",https://www.earthclinic.com/cures/viral_conjunctivitis.html
"eyes, itchy",https://www.earthclinic.com/cures/itchy-eyes.html
"eyes, puffy",https://www.earthclinic.com/cures/natural-remedies-for-puffy-eyes.html
"eyes, short sightedness",https://www.earthclinic.com/cures/myopia.html
"eyes, strain from computer",https://www.earthclinic.com/cures/computer-vision-syndrome.html
eye stye,https://www.earthclinic.com/cures/sty.html
"eyes, vision improvement",https://www.earthclinic.com/cures/eyes-vision.html
eyes: weak vision,https://www.earthclinic.com/cures/eyes-vision.html
eye twitch,https://www.earthclinic.com/cures/how-to-stop-eye-twitching-naturally.html
fainting,https://www.earthclinic.com/cures/vasovagal-syncope.html
fallen arches,https://www.earthclinic.com/cures/flat-feet.html
"fallopian tubes, blocked",https://www.earthclinic.com/cures/fallopian_tubes.html
fat deposits,https://www.earthclinic.com/cures/lipoma.html
fatigue,https://www.earthclinic.com/cures/fatigue.html
fatty liver,https://www.earthclinic.com/cures/fatty-liver.html
"feet, burning",https://www.earthclinic.com/cures/burning-feet.html
"feet, flat",https://www.earthclinic.com/cures/flat-feet.html
"feet, sore or painful",https://www.earthclinic.com/cures/plantar-fasciitis-treatment-alternative-medicine.html
"feet, stinky",https://www.earthclinic.com/cures/stinky_feet.html
female sexual dysfunction,https://www.earthclinic.com/cures/female-sexual-dysfunction.html
feminine itch,https://www.earthclinic.com/cures/feminine_itch.html
fertility treatments,https://www.earthclinic.com/cures/fertility.html
fever,https://www.earthclinic.com/cures/fever.html
fibroadenoma - breast,https://www.earthclinic.com/cures/fibroadenoma.html
fibrocystic breast disease,https://www.earthclinic.com/cures/fibrocystic-breast-disease-treatment.html
fibroids,https://www.earthclinic.com/cures/fibroids.html
fibromyalgia,https://www.earthclinic.com/cures/treatment-for-fibromyalgia-pain-symptoms.html
"fibromyalgia, fluoride connect",https://www.earthclinic.com/cures/fibromyalgia.html
fifth disease,https://www.earthclinic.com/natural-remedies-for-fifth-disease.html
fire ant bites,https://www.earthclinic.com/cures/fire-ants.html
"fissure, anal",https://www.earthclinic.com/cures/anal-fissures.html
fissures,https://www.earthclinic.com/cures/fissures.html
flat feet and fallen arches,https://www.earthclinic.com/cures/flat-feet.html
"floaters, eye",https://www.earthclinic.com/cures/eye-floaters.html
flu,https://www.earthclinic.com/cures/flu.html
fluoride poisoning,https://www.earthclinic.com/cures/fluoride.html
flu prevention,https://www.earthclinic.com/cures/cold-and-flu-prevention.html
folliculitis,https://www.earthclinic.com/cures/folliculitis.html
food addiction,https://www.earthclinic.com/cures/treatment-for-food-addiction.html
food allergies,https://www.earthclinic.com/cures/food-allergies-natural-cures.html
food intolerances,https://www.earthclinic.com/cures/food-intolerance.html
food poisoning,https://www.earthclinic.com/cures/food-poisoning-cure.html
foot corns,https://www.earthclinic.com/cures/corns.html
foot odor,https://www.earthclinic.com/cures/stinky_feet.html
foot pain,https://www.earthclinic.com/cures/plantar-fasciitis-treatment-alternative-medicine.html
fordyce spots,https://www.earthclinic.com/cures/fordyce-spot.html
fractures,https://www.earthclinic.com/cures/fractures.html
frequent urination,https://www.earthclinic.com/cures/frequent-urination.html
frostbite,https://www.earthclinic.com/cures/frostbite.html
frozen shoulder,https://www.earthclinic.com/cures/frozen-shoulder.html
fungal infection,https://www.earthclinic.com/cures/fungal-infection-treatment-alternative-medicine.html
"fungus, nails",https://www.earthclinic.com/cures/fungus.html
gain weight remedies,https://www.earthclinic.com/cures/weight-gain-supplements-best-foods.html
gallbladder attack,https://www.earthclinic.com/cures/gallbladder-attack-treatment.html
gallbladder removal,https://www.earthclinic.com/cures/cholecystectomy.html
gallstones,https://www.earthclinic.com/cures/gallstones.html
ganglion cyst,https://www.earthclinic.com/cures/ganglion-cysts.html
gas,https://www.earthclinic.com/cures/gas.html
gastritis,https://www.earthclinic.com/cures/10-herbal-remedies-for-gastritis.html
gastrointestinal bleeding,https://www.earthclinic.com/cures/gastrointestinal-bleeding.html
gastrointestinal disorders,https://www.earthclinic.com/cures/gastrointestinal_disorders.html
gastroparesis,https://www.earthclinic.com/cures/gastroparesis.html
"gene mutation, mthfr",https://www.earthclinic.com/cures/mthfr-gene-mutation.html
genital herpes,https://www.earthclinic.com/cures/genital_herpes.html
genital warts,https://www.earthclinic.com/cures/genital_warts_hpv.html
geographic tongue,https://www.earthclinic.com/cures/geographic-tongue-alternative-medicine.html
gerd,https://www.earthclinic.com/cures/gerd.html
"gerd, art solbrig",https://www.earthclinic.com/cures/art-solbrig-protocol-for-gerd.html
gerd - bill thompson protocol,https://www.earthclinic.com/cures/gerd-protocol-by-bill-thompson.html
gi bleeding,https://www.earthclinic.com/cures/gastrointestinal-bleeding.html
glaucoma,https://www.earthclinic.com/cures/glaucoma.html
glossodynia,https://www.earthclinic.com/cures/burning-mouth-syndrome.html
gluten intolerance,https://www.earthclinic.com/cures/celiac-disease-alternative-medicine.html
gnat bites,https://www.earthclinic.com/cures/gnat_bites.html
goiter,https://www.earthclinic.com/cures/goiter.html
gonorrhea,https://www.earthclinic.com/cures/sexually-transmitted-diseases.html
goose egg,https://www.earthclinic.com/cures/natural-remedies-for-swelling.html
gout,https://www.earthclinic.com/cures/gout.html
gram negative infection,https://www.earthclinic.com/cures/gram-negative-infection-acinetobacter-bacteria.html
granuloma annulare,https://www.earthclinic.com/cures/granuloma-annulare.html
granuloma fungoides,https://www.earthclinic.com/cures/t-cell-b-cell-lymphoma.html
graves' disease,https://www.earthclinic.com/cures/graves_disease.html
gray hair,https://www.earthclinic.com/cures/home-remedies-for-grey-hair.html
grover's disease,https://www.earthclinic.com/cures/grovers_disease.html
grow taller,https://www.earthclinic.com/cures/grow_taller.html
"gum disease, art solbrig",https://www.earthclinic.com/cures/art-solbrig-gum-disease-protocol.html
"gums, receding",https://www.earthclinic.com/cures/receding-gums-periodontal-gum-disease.html
gut microbiome,https://www.earthclinic.com/cures/gut-microbiome.html
gynecomastia,https://www.earthclinic.com/cures/gynecomastia.html
h1n1 virus,https://www.earthclinic.com/cures/h1n1-swine-flu.html
"hair, excessive growth",https://www.earthclinic.com/cures/body-hair-removal-treatment.html
hair follicle cyst,https://www.earthclinic.com/cures/hair_follicle_cyst.html
"hair, gray",https://www.earthclinic.com/cures/home-remedies-for-grey-hair.html
hair loss,https://www.earthclinic.com/cures/treatment-for-hair-loss.html
hair loss in women,https://www.earthclinic.com/cures/hair-loss-alopecia-women.html
"hair loss, men",https://www.earthclinic.com/cures/hair-loss-alopecia-men.html
hair odor,https://www.earthclinic.com/cures/natural-remedies-for-smelly-hair-syndrome.html
hair pulling,https://www.earthclinic.com/cures/trichotillomania.html
halitosis,https://www.earthclinic.com/cures/breath.html
"hand, foot and mouth disease",https://www.earthclinic.com/cures/hand-foot-mouth-disease.html
hand tremors,https://www.earthclinic.com/cures/natural-remedies-for-shaky-hands.html
hangovers,https://www.earthclinic.com/cures/hangovers.html
hantavirus,https://www.earthclinic.com/cures/hantavirus.html
hashimoto's thyroiditis,https://www.earthclinic.com/cures/hashimotos_thyroiditis.html
hayfever,https://www.earthclinic.com/cures/hayfever-allergic-rhinitis.html
hbp - art solbrig,https://www.earthclinic.com/cures/high-blood-pressure-carditone.html
headache,https://www.earthclinic.com/cures/headache.html
"headache, menstrual",https://www.earthclinic.com/cures/natural-remedies-for-menstrual-migraines.html
"headaches, cluster",https://www.earthclinic.com/cures/cluster-headaches-treatment.html
headaches - migraine,https://www.earthclinic.com/cures/migraines.html
headaches - sinus,https://www.earthclinic.com/cures/sinus-headache-relief-folk-medicine.html
"head, hit",https://www.earthclinic.com/cures/concussion-natural-treatment.html
hearing loss,https://www.earthclinic.com/cures/hearing-loss.html
heart attack recovery,https://www.earthclinic.com/cures/heart-attack-treatment-recovery.html
"heartbeat, irregular",https://www.earthclinic.com/cures/arrhythmia.html
heartburn,https://www.earthclinic.com/cures/heartburn.html
heart disease,https://www.earthclinic.com/cures/heart-disease-prevention.html
"heart disease, art solbrig",https://www.earthclinic.com/cures/melatonin-for-cardiovascular-disease.html
heart palpitations,https://www.earthclinic.com/cures/heart_palpitations.html
"heart rate, low",https://www.earthclinic.com/cures/bradycardia-remedies.html
heat exhaustion,https://www.earthclinic.com/cures/heat-stroke-heat-exhaustion-treatment.html
heavy menstrual bleeding,https://www.earthclinic.com/cures/heavy-menstrual-bleeding.html
heavy metal poisoning,https://www.earthclinic.com/cures/detox-heavy-metals-side-effects.html
"heels, cracked",https://www.earthclinic.com/cures/cracked_heels.html
heel spurs,https://www.earthclinic.com/cures/heel-spurs-treatment-home-remedies.html
height issues,https://www.earthclinic.com/cures/grow_taller.html
hematoma,https://www.earthclinic.com/cures/hematoma.html
hemochromatosis,https://www.earthclinic.com/cures/hemochromatosis.html
"hemorrhage, duodenal",https://www.earthclinic.com/cures/gastrointestinal-bleeding.html
hemorrhoids,https://www.earthclinic.com/cures/hemorrhoids.html
hepatitis b,https://www.earthclinic.com/cures/hepatitis-b.html
hepatitis c,https://www.earthclinic.com/cures/hep_c.html
hepatitis - oscar's treatment,https://www.earthclinic.com/cures/viral-hepatitis-treatment-by-oscar.html
herbicide poisoning,https://www.earthclinic.com/cures/pesticide-detox-remedies.html
hernia,https://www.earthclinic.com/cures/inguinal-hernia.html
"hernia, hiatal",https://www.earthclinic.com/cures/hiatal-hernia.html
herniated disc,https://www.earthclinic.com/cures/natural-treatment-for-herniated-disc.html
"herpes, cold sores",https://www.earthclinic.com/cures/natural-cold-sore-remedies.html
"herpes, genital",https://www.earthclinic.com/cures/genital_herpes.html
hiccups,https://www.earthclinic.com/cures/hiccups.html
hidradenitis suppurativa,https://www.earthclinic.com/cures/hidradenitis_suppurativa.html
high blood pressure,https://www.earthclinic.com/cures/high-blood-pressure-treatment.html
high blood pressure - art solb,https://www.earthclinic.com/cures/high-blood-pressure-carditone.html
high blood sugar,https://www.earthclinic.com/cures/lower-blood-sugar-herbal-remedies.html
high carbon dioxide,https://www.earthclinic.com/cures/high-carbon-dioxide.html
high cholesterol,https://www.earthclinic.com/cures/cholesterol.html
hip pain,https://www.earthclinic.com/cures/bursitis.html
hirsutism,https://www.earthclinic.com/cures/body-hair-removal-treatment.html
hiv,https://www.earthclinic.com/cures/hiv-treatment-aids-remedies.html
hives,https://www.earthclinic.com/cures/hives.html
home remedies for gum disease,https://www.earthclinic.com/cures/gum_disease.html
hordeolum,https://www.earthclinic.com/cures/sty.html
hormonal imbalance,https://www.earthclinic.com/cures/hormones.html
hot flashes,https://www.earthclinic.com/cures/natural-remedies-for-hot-flashes.html
hpv,https://www.earthclinic.com/cures/natural-hpv-treatment.html
"hpv, oral",https://www.earthclinic.com/cures/natural-remedies-for-oral-hpv.html
hpv with genital warts,https://www.earthclinic.com/cures/genital_warts_hpv.html
h. pylori,https://www.earthclinic.com/cures/h-pylori-alternative-medicine.html
hsv-1,https://www.earthclinic.com/cures/natural-cold-sore-remedies.html
human papillomavirus,https://www.earthclinic.com/cures/natural-hpv-treatment.html
huntington's disease,https://www.earthclinic.com/cures/huntingtons-disease.html
hydrocephalus,https://www.earthclinic.com/cures/hydrocephalus.html
hyperactivity,https://www.earthclinic.com/cures/adhd.html
hypercapnia,https://www.earthclinic.com/cures/high-carbon-dioxide.html
hyperhidrosis,https://www.earthclinic.com/cures/sweat.html
hyperparathyroidism,https://www.earthclinic.com/cures/hyperparathyroidism.html
hyperpigmentation,https://www.earthclinic.com/cures/hyperpigmentation.html
hypertension,https://www.earthclinic.com/cures/high-blood-pressure-treatment.html
hypertension,https://www.earthclinic.com/cures/hypertension-treatment-natural-cures.html
hypertension - art solbrig,https://www.earthclinic.com/cures/high-blood-pressure-carditone.html
hyperthyroid,https://www.earthclinic.com/cures/hyperthyroid.html
hypertrichosis,https://www.earthclinic.com/cures/body-hair-removal-treatment.html
hypnic jerks,https://www.earthclinic.com/cures/hypnic-jerks.html
hypoglycemia,https://www.earthclinic.com/cures/hypoglycemia.html
hypokalemia,https://www.earthclinic.com/cures/hypokalemia.html
hyponatremia,https://www.earthclinic.com/cures/natural-remedies-for-hyponatremia.html
hypotension,https://www.earthclinic.com/cures/low-blood-pressure.html
hypothalamus gland,https://www.earthclinic.com/cures/hypothalamus-gland.html
hypothyroidism,https://www.earthclinic.com/cures/hypothyroidism.html
hysterectomy - post-op,https://www.earthclinic.com/cures/post-op-recovery-after-hysterectomy.html
ibd - art solbrig protocol,https://www.earthclinic.com/cures/art-solbrig-protocol-ulcerative-colitis.html
ibs,https://www.earthclinic.com/cures/ibs-irritable-bowel-syndrome.html
idiopathic pulmonary fibrosis,https://www.earthclinic.com/cures/pulmonary-fibrosis-lung-disease-remedies.html
idiop. guttate hypomelanosis,https://www.earthclinic.com/cures/idiopathic-guttate-hypomelanosis.html
idopathic thrombocytopenic purpura,https://www.earthclinic.com/cures/itp.html
il-17,https://www.earthclinic.com/cures/il-seventeen.html
ileocecal valve issues,https://www.earthclinic.com/cures/ileocecal-valve.html
"immunity, weak",https://www.earthclinic.com/cures/weak-immune-system-boosters.html
impetigo,https://www.earthclinic.com/cures/impetigo.html
impotence,https://www.earthclinic.com/cures/erectile-dysfunction.html
incontinence,https://www.earthclinic.com/cures/urinary-incontinence.html
"incontinence, in elderly",https://www.earthclinic.com/cures/remedies-for-elderly-urinary-incontinence.html
indigestion,https://www.earthclinic.com/cures/indigestion.html
infant and children's remedies,https://www.earthclinic.com/cures/children_and_infants.html
infected eyes,https://www.earthclinic.com/cures/viral_conjunctivitis.html
"infection, kidney",https://www.earthclinic.com/cures/kidney-infection.html
infections,https://www.earthclinic.com/cures/skin_infections.html
infertility,https://www.earthclinic.com/cures/infertility.html
inflammation,https://www.earthclinic.com/cures/inflammation.html
inflammation and il-17,https://www.earthclinic.com/cures/il-seventeen.html
"inflammation, joints",https://www.earthclinic.com/cures/arthritis.html
influenza,https://www.earthclinic.com/cures/flu.html
ingrown hair,https://www.earthclinic.com/cures/ingrown_hair.html
ingrown toenails,https://www.earthclinic.com/cures/ingrown-toenails.html
inguinal hernia,https://www.earthclinic.com/cures/inguinal-hernia.html
"injury, swelling",https://www.earthclinic.com/cures/natural-remedies-for-swelling.html
insect bites,https://www.earthclinic.com/cures/insect_bite.html
"insect bites, spider",https://www.earthclinic.com/cures/spider_bite.html
insomnia,https://www.earthclinic.com/cures/insomnia.html
"insomnia, art solbrig",https://www.earthclinic.com/cures/art-solbrig-insomnia-protocol.html
interstitial cystitis,https://www.earthclinic.com/cures/interstitial_cystitis.html
interstitial lung disease,https://www.earthclinic.com/cures/interstitial-lung-disease.html
intervertebral disc hernia,https://www.earthclinic.com/cures/slipped-disc-back-pain.html
ipf,https://www.earthclinic.com/cures/pulmonary-fibrosis-lung-disease-remedies.html
iritis,https://www.earthclinic.com/cures/iritis.html
iron deficiency,https://www.earthclinic.com/cures/anemia.html
iron overload,https://www.earthclinic.com/cures/hemochromatosis.html
irregular heartbeat,https://www.earthclinic.com/cures/arrhythmia.html
irritable bowel syndrome,https://www.earthclinic.com/cures/ibs-irritable-bowel-syndrome.html
itchy butt,https://www.earthclinic.com/cures/itchy-butt.html
itchy ears,https://www.earthclinic.com/cures/itchy-ears.html
itchy eyes,https://www.earthclinic.com/cures/itchy-eyes.html
itchy skin,https://www.earthclinic.com/cures/itchy_skin.html
itp,https://www.earthclinic.com/cures/itp.html
jaw pain,https://www.earthclinic.com/cures/jaw-bone-pain-alternative-remedies.html
jellyfish stings,https://www.earthclinic.com/cures/jellyfish-sting.html
jock itch,https://www.earthclinic.com/cures/jock_itch.html
joint inflammation,https://www.earthclinic.com/cures/arthritis.html
joint pain,https://www.earthclinic.com/cures/joints.html
keloids,https://www.earthclinic.com/cures/keloid_scar.html
keloid scar,https://www.earthclinic.com/cures/keloid_scar.html
keratoconus,https://www.earthclinic.com/cures/keratoconus.html
keratosis pilaris,https://www.earthclinic.com/cures/keratosis_pilaris.html
kidney cancer,https://www.earthclinic.com/cures/renal-cell-carcinoma.html
kidney disease,https://www.earthclinic.com/cures/kidney_disease.html
"kidney disease, chronic",https://www.earthclinic.com/cures/chronic-kidney-disease-art-solbrig.html
kidney failure,https://www.earthclinic.com/cures/kidney_disease.html
kidney infection,https://www.earthclinic.com/cures/kidney-infection.html
kidney stones,https://www.earthclinic.com/cures/kidney_stones.html
"knee, baker's cyst",https://www.earthclinic.com/cures/bakers-cyst.html
knee pain,https://www.earthclinic.com/cures/knee-pain.html
labia minora issues,https://www.earthclinic.com/cures/labia-minora.html
lactose intolerance,https://www.earthclinic.com/cures/lactose-intolerance.html
large pores,https://www.earthclinic.com/cures/large_pores.html
laryngitis,https://www.earthclinic.com/cures/laryngitis.html
laryngopharyngeal reflux,https://www.earthclinic.com/cures/laryngopharyngeal-reflux.html
leaky gut syndrome,https://www.earthclinic.com/cures/leaky-gut-syndrome.html
learning disability,https://www.earthclinic.com/cures/learning-disability.html
legs - poor circulation,https://www.earthclinic.com/cures/poor-circulation-legs.html
leg ulcers,https://www.earthclinic.com/cures/leg_ulcers.html
leishmaniasis,https://www.earthclinic.com/cures/leishmaniasis.html
leukemia,https://www.earthclinic.com/cures/leukemia.html
leukoderma,https://www.earthclinic.com/cures/vitiligo.html
leukopenia,https://www.earthclinic.com/cures/low-white-blood-cell-count.html
leukorrhea,https://www.earthclinic.com/cures/leukorrhea.html
lewy body disease,https://www.earthclinic.com/cures/lewy-body-disease.html
"libido, low",https://www.earthclinic.com/cures/low_libido.html
lice,https://www.earthclinic.com/cures/lice.html
lichen planopilaris,https://www.earthclinic.com/cures/lichen-planopilaris.html
lichen planus,https://www.earthclinic.com/cures/lichen_planus.html
"lichen planus, art solbrig",https://www.earthclinic.com/cures/lichen-planus-art-solbrig-protocol.html
lichen sclerosus,https://www.earthclinic.com/cures/lichen-sclerosus.html
liddle's syndrome,https://www.earthclinic.com/cures/liddles_syndrome.html
"ligaments, torn",https://www.earthclinic.com/cures/collagen-for-torn-ligaments.html
light-headed,https://www.earthclinic.com/cures/dizziness.html
light sensitivity,https://www.earthclinic.com/cures/photophobia.html
lipedema,https://www.earthclinic.com/cures/lipedema-natural-remedies.html
lipomas,https://www.earthclinic.com/cures/lipoma.html
"lips, chronic inflammation",https://www.earthclinic.com/cures/exfoliative-cheilitis.html
"lips, cracked or peeling",https://www.earthclinic.com/cures/lips.html
"liver, bill thompson protocol",https://www.earthclinic.com/cures/healthy-liver-protocol-by-bill-thompson.html
liver cancer,https://www.earthclinic.com/cures/treatment-of-liver-cancer.html
"liver, cirrhosis",https://www.earthclinic.com/cures/cirrhosis.html
liver damage,https://www.earthclinic.com/cures/liver-damage-treatment.html
liver disease,https://www.earthclinic.com/cures/liver-damage-treatment.html
"liver, fatty",https://www.earthclinic.com/cures/fatty-liver.html
liver spots,https://www.earthclinic.com/cures/natural-remedies-age-spots.html
long covid - art solbrig,https://www.earthclinic.com/cures/supplements-for-long-covid.html
long haulers with covid-19,https://www.earthclinic.com/cures/post-covid-long-haulers.html
loose skin,https://www.earthclinic.com/cures/loose-skin.html
loose teeth,https://www.earthclinic.com/cures/tooth_loss.html
loss of smell,https://www.earthclinic.com/cures/anosmia.html
lou gehrig's disease,https://www.earthclinic.com/cures/als-natural-treatment-supplements.html
low blood pressure,https://www.earthclinic.com/cures/low-blood-pressure.html
low body temperature,https://www.earthclinic.com/cures/low-body-temperature.html
low energy,https://www.earthclinic.com/cures/low_energy.html
low heart rate,https://www.earthclinic.com/cures/bradycardia-remedies.html
low libido,https://www.earthclinic.com/cures/low_libido.html
low potassium,https://www.earthclinic.com/cures/hypokalemia.html
low pulse rate,https://www.earthclinic.com/cures/low-pulse-rate.html
low sodium,https://www.earthclinic.com/cures/natural-remedies-for-hyponatremia.html
low stomach acid and autism,https://www.earthclinic.com/cures/autism-and-low-stomach-acid.html
low testosterone,https://www.earthclinic.com/cures/low-testosterone.html
low white blood cell count,https://www.earthclinic.com/cures/low-white-blood-cell-count.html
lpr,https://www.earthclinic.com/cures/laryngopharyngeal-reflux.html
lung cancer,https://www.earthclinic.com/cures/alternative-treatments-for-lung-cancer.html
lungs - blebs,https://www.earthclinic.com/cures/bleb.html
lungs: damage and infection,https://www.earthclinic.com/cures/lungs.html
lupus,https://www.earthclinic.com/cures/lupus.html
lyme disease,https://www.earthclinic.com/cures/lyme_disease.html
lymphedema,https://www.earthclinic.com/cures/lymphedema.html
"lymph nodes, swollen",https://www.earthclinic.com/cures/lymph_nodes.html
lymphoma,https://www.earthclinic.com/cures/lymphoma.html
macular degeneration,https://www.earthclinic.com/cures/macular_degeneration.html
madarosis,https://www.earthclinic.com/cures/eyelash-loss.html
mad cow disease,https://www.earthclinic.com/cures/mad_cow.html
malaria,https://www.earthclinic.com/cures/malaria.html
"malnutrition, in elderly",https://www.earthclinic.com/cures/malnutrition-in-elderly.html
malta fever,https://www.earthclinic.com/cures/malta-fever.html
marijuana side effects,https://www.earthclinic.com/cures/marijuana-and-the-teenage-brain.html
mast cell activation syndrome,https://www.earthclinic.com/cures/mast-cell-activation-syndrome.html
mastitis,https://www.earthclinic.com/cures/mastitis.html
mcas,https://www.earthclinic.com/cures/mast-cell-activation-syndrome.html
mds,https://www.earthclinic.com/cures/myelodysplastic-syndrome.html
measles,https://www.earthclinic.com/cures/measles.html
medical alerts,https://www.earthclinic.com/cures/alerts.html
medication side effects,https://www.earthclinic.com/cures/medication-side-effects.html
melanoma,https://www.earthclinic.com/cures/melanoma.html
melasma,https://www.earthclinic.com/cures/melasma.html
membranous glomerulonephritis,https://www.earthclinic.com/cures/membranous_glomerulonephritis.html
memory loss,https://www.earthclinic.com/cures/natural-remedies-for-memory-loss.html
"memory loss, art solbrig",https://www.earthclinic.com/cures/art-solbrig-protocol-for-memory-loss.html
meniere's disease,https://www.earthclinic.com/cures/vertigo.html
meningioma,https://www.earthclinic.com/cures/meningioma.html
meningitis remedies,https://www.earthclinic.com/cures/meningitis.html
menopause,https://www.earthclinic.com/cures/menopause.html
"menopause, hot flashes",https://www.earthclinic.com/cures/natural-remedies-for-hot-flashes.html
"menopause, migraines",https://www.earthclinic.com/cures/natural-remedies-for-migraines-in-menopause.html
men's health issues,https://www.earthclinic.com/cures/mens_health.html
menstrual bleeding,https://www.earthclinic.com/cures/heavy-menstrual-bleeding.html
menstrual cramps,https://www.earthclinic.com/cures/home-remedies-for-menstrual-cramps.html
menstrual headaches,https://www.earthclinic.com/cures/natural-remedies-for-menstrual-migraines.html
"menstruation, heavy",https://www.earthclinic.com/cures/heavy-menstrual-bleeding.html
"menstruation, irregular",https://www.earthclinic.com/cures/amenorrhea-irregular-periods.html
mental illness,https://www.earthclinic.com/cures/mental_illness.html
mercury poisoning,https://www.earthclinic.com/cures/mercury-poisoning.html
mesenteric adentis,https://www.earthclinic.com/cures/mesenteric-adenitis.html
mesothelioma,https://www.earthclinic.com/cures/mesothelioma.html
metabolic syndrome,https://www.earthclinic.com/cures/metabolic-syndrome-treatment-home-remedies.html
"metabolism, slow",https://www.earthclinic.com/cures/slow-metabolism.html
metatarsalgia,https://www.earthclinic.com/cures/metatarsalgia.html
microwave hazards,https://www.earthclinic.com/cures/microwave-hazards.html
migraines,https://www.earthclinic.com/cures/migraines.html
"migraines, menopause",https://www.earthclinic.com/cures/natural-remedies-for-migraines-in-menopause.html
"migraines, menstrual",https://www.earthclinic.com/cures/natural-remedies-for-menstrual-migraines.html
miliaria,https://www.earthclinic.com/cures/miliaria.html
miscarriage,https://www.earthclinic.com/cures/pregnancy-miscarriage-symptoms.html
mites,https://www.earthclinic.com/cures/mite_infestation.html
mitochondrial myopathy,https://www.earthclinic.com/cures/mitochondrial-myopathy.html
mold,https://www.earthclinic.com/cures/mold.html
moles,https://www.earthclinic.com/cures/moles.html
molluscum contagiosum,https://www.earthclinic.com/cures/molluscum_contagiosum.html
monkeypox,https://www.earthclinic.com/cures/monkeypox.html
mononucleosis,https://www.earthclinic.com/cures/mononucleosis.html
morgellons,https://www.earthclinic.com/cures/morgellons.html
morning sickness,https://www.earthclinic.com/cures/remedies-for-morning-sickness.html
morton's neuroma,https://www.earthclinic.com/cures/mortons-neuroma.html
mosquito bites,https://www.earthclinic.com/cures/mosquito-bite-remedies.html
mountain sickness,https://www.earthclinic.com/cures/acute-mountain-sickness-treatment.html
mouth acid,https://www.earthclinic.com/cures/mouth_acid.html
mouth cracks,https://www.earthclinic.com/cures/angular-cheilitis.html
mouth infection,https://www.earthclinic.com/cures/mouth_infection.html
mouth ulcers,https://www.earthclinic.com/cures/canker_sores.html
mrsa,https://www.earthclinic.com/cures/mrsa.html
msg poisoning,https://www.earthclinic.com/cures/msg.html
ms (multiple sclerosis),https://www.earthclinic.com/cures/ms.html
mthfr gene mutation,https://www.earthclinic.com/cures/mthfr-gene-mutation.html
mucus conditions,https://www.earthclinic.com/cures/mucus-conditions.html
multiple ailments,https://www.earthclinic.com/cures/multiple_ailments.html
multiple system atrophy,https://www.earthclinic.com/cures/multiple-system-atrophy.html
muscle cramps,https://www.earthclinic.com/cures/muscle_cramps.html
muscle issues,https://www.earthclinic.com/cures/muscle_issues.html
muscle strains,https://www.earthclinic.com/cures/muscle_issues.html
muscular dystrophy,https://www.earthclinic.com/cures/muscular-dystrophy.html
myasthenia gravis,https://www.earthclinic.com/cures/myasthenia-gravis.html
mycoplasma infections,https://www.earthclinic.com/cures/mycoplasma_fermentans.html
mycosis fungoides,https://www.earthclinic.com/cures/t-cell-b-cell-lymphoma.html
myelodysplastic syndrome (mds),https://www.earthclinic.com/cures/myelodysplastic-syndrome.html
myoclonic dystonia syndrome,https://www.earthclinic.com/cures/myoclonic-dystonia-syndrome.html
myopia,https://www.earthclinic.com/cures/myopia.html
mystery diagnosis,https://www.earthclinic.com/cures/mystery-diagnosis.html
nail fungus,https://www.earthclinic.com/cures/fungus.html
nail issues,https://www.earthclinic.com/cures/nail-issues.html
"nails, ingrown",https://www.earthclinic.com/cures/ingrown-toenails.html
"nails, weak",https://www.earthclinic.com/cures/nail-health-nail-growth.html
nanobacteria,https://www.earthclinic.com/cures/nanobacterium.html
nanoparticles,https://www.earthclinic.com/cures/nanoparticles.html
narcolepsy,https://www.earthclinic.com/cures/narcolepsy.html
nasal obstruction,https://www.earthclinic.com/cures/nasal-obstruction.html
"nasal passages, dry",https://www.earthclinic.com/cures/natural-remedies-for-dry-nose.html
nasal polyps,https://www.earthclinic.com/cures/sinus_polyps.html
nausea,https://www.earthclinic.com/cures/nausea.html
neck pain,https://www.earthclinic.com/cures/natural-remedies-for-neck-pain.html
"neck, stiff",https://www.earthclinic.com/cures/stiff_neck.html
"nerve, pinched",https://www.earthclinic.com/cures/pinched-nerve-remedies.html
nerve remedies,https://www.earthclinic.com/cures/nerve-issues.html
neuralgia,https://www.earthclinic.com/cures/neuralgia.html
neurofibromatosis (nf),https://www.earthclinic.com/cures/neurofibromatosis.html
neuropathic osteoarthropathy,https://www.earthclinic.com/cures/charcots-joint.html
neuropathy,https://www.earthclinic.com/cures/neuropathy.html
"neuropathy, diabetic",https://www.earthclinic.com/cures/diabetic-neuropathy-treatment.html
"neuropathy, peripheral",https://www.earthclinic.com/cures/peripheral-neuropathy-treatment.html
night starts,https://www.earthclinic.com/cures/hypnic-jerks.html
nocardiosis,https://www.earthclinic.com/cures/nocardiosis.html
nocturia,https://www.earthclinic.com/cures/nocturnal-urination.html
nocturnal emission,https://www.earthclinic.com/cures/nocturnal-emission.html
nocturnal urination,https://www.earthclinic.com/cures/nocturnal-urination.html
norovirus,https://www.earthclinic.com/cures/norovirus.html
nose bleed,https://www.earthclinic.com/cures/bloody-nose-treatment.html
no-see-ums,https://www.earthclinic.com/cures/gnat_bites.html
"nose, nasal obstruction",https://www.earthclinic.com/cures/nasal-obstruction.html
nursing issues,https://www.earthclinic.com/cures/breastfeeding-tips-home-remedies.html
obesity,https://www.earthclinic.com/cures/obesity.html
obesity,https://www.earthclinic.com/cures/weight-loss-remedies.html
obsessive compulsive disorder,https://www.earthclinic.com/cures/obsessive_compulsive_disorder.html
"odor, foot",https://www.earthclinic.com/cures/stinky_feet.html
olp,https://www.earthclinic.com/cures/lichen-planus-art-solbrig-protocol.html
opiate addiction,https://www.earthclinic.com/cures/opiate-addiction-in-teens.html
opioid-induced hyperalgesia,https://www.earthclinic.com/cures/opioid-induced-hyperalgesia-treatment.html
oral herpes,https://www.earthclinic.com/cures/natural-cold-sore-remedies.html
oral hpv,https://www.earthclinic.com/cures/natural-remedies-for-oral-hpv.html
oral lichen planus,https://www.earthclinic.com/cures/lichen-planus-art-solbrig-protocol.html
oral tumors,https://www.earthclinic.com/cures/oral-tumors.html
oscar's bht hepatitis,https://www.earthclinic.com/cures/viral-hepatitis-treatment-by-oscar.html
osteoarthritis,https://www.earthclinic.com/cures/osteoarthritis.html
"osteoarthritis, art sobrig",https://www.earthclinic.com/cures/art-solbrig-topical-arthritis-lotion.html
osteochondritis dissecans,https://www.earthclinic.com/cures/osteochondritis-dissecans-treatment.html
osteomyelitis,https://www.earthclinic.com/cures/osteomyelitis.html
osteopenia,https://www.earthclinic.com/cures/osteopenia.html
osteoporosis,https://www.earthclinic.com/cures/osteoporosis.html
"osteoporosis, melatonin",https://www.earthclinic.com/cures/melatonin-for-osteoporosis.html
otitis media,https://www.earthclinic.com/cures/10-easy-remedies-for-ear-infections.html
ovarian cysts,https://www.earthclinic.com/cures/ovarian_cysts.html
overactive bladder,https://www.earthclinic.com/cures/frequent-urination.html
paget's disease,https://www.earthclinic.com/cures/pagets-disease.html
pain,https://www.earthclinic.com/cures/pain.html
"pain, art solbrig",https://www.earthclinic.com/cures/pain-relief-remedies-art-solbrig.html
"pain, chronic",https://www.earthclinic.com/cures/chronic-pain-syndrome.html
"pain killers, acid reflux",https://www.earthclinic.com/cures/acid_reflux_and_painkillers.html
pancreatic cancer,https://www.earthclinic.com/cures/pancreatic-cancer.html
pancreatitis,https://www.earthclinic.com/cures/pancreatitis.html
panic attack,https://www.earthclinic.com/cures/panic-attacks.html
parasites,https://www.earthclinic.com/cures/parasites.html
"parasites, blastocystis",https://www.earthclinic.com/cures/natural-remedies-for-blastocystis-hominis.html
paresthesia,https://www.earthclinic.com/cures/paresthesia.html
parkinson's disease,https://www.earthclinic.com/cures/parkinsons.html
parkinson's disease - art solb,https://www.earthclinic.com/cures/vitamin-d-for-parkinsons.html
paroxysm. noct. hemoglobinuria,https://www.earthclinic.com/cures/paroxysmal_nocturnal_hemoglobinuria.html
pcos,https://www.earthclinic.com/cures/polycystic_ovary_syndrome.html
peeling lips,https://www.earthclinic.com/cures/lips.html
pelvic inflammatory disease,https://www.earthclinic.com/cures/pelvic_inflammatory_disease.html
pelvic organ prolapse,https://www.earthclinic.com/cures/prolapsed-bladder.html
peptic ulcer,https://www.earthclinic.com/cures/peptic_ulcer_disease.html
perianal abscess,https://www.earthclinic.com/cures/natural-remedies-perianal-abscess.html
pericarditis,https://www.earthclinic.com/cures/pericarditis.html
perimenopause,https://www.earthclinic.com/cures/perimenopause.html
perineum healing,https://www.earthclinic.com/cures/natural-remedies-for-postpartum-healing.html
periodic limb movement,https://www.earthclinic.com/cures/periodic-limb-movement-disorder.html
periodontal disease,https://www.earthclinic.com/cures/receding-gums-periodontal-gum-disease.html
period pain,https://www.earthclinic.com/cures/home-remedies-for-menstrual-cramps.html
perioral dermatitis,https://www.earthclinic.com/cures/perioral-dermatitis.html
peripheral artery disease,https://www.earthclinic.com/cures/peripheral-artery-disease.html
peripheral neuropathy,https://www.earthclinic.com/cures/peripheral-neuropathy-treatment.html
peritoneal cavity fluid,https://www.earthclinic.com/cures/ascites-abdominal-fluid-home-remedies.html
pertussis,https://www.earthclinic.com/cures/whooping-cough.html
pesticide poisoning,https://www.earthclinic.com/cures/pesticide-detox-remedies.html
peyronie's disease,https://www.earthclinic.com/cures/peyronies-disease.html
"ph, acidic",https://www.earthclinic.com/cures/ph.html
phlebitis,https://www.earthclinic.com/cures/blood-clot-treatment.html
photophobia,https://www.earthclinic.com/cures/photophobia.html
piles,https://www.earthclinic.com/cures/hemorrhoids.html
pilonidal cysts,https://www.earthclinic.com/cures/pilonidal-cyst.html
pinched nerve,https://www.earthclinic.com/cures/pinched-nerve-remedies.html
pink eye,https://www.earthclinic.com/cures/viral_conjunctivitis.html
pins and needles,https://www.earthclinic.com/cures/paresthesia.html
pinworms,https://www.earthclinic.com/cures/pinworms.html
pituitary macroadenoma,https://www.earthclinic.com/cures/pituitary.html
pityriasis rosea,https://www.earthclinic.com/cures/pityriasis-rosea.html
plantar fasciitis,https://www.earthclinic.com/cures/plantar-fasciitis-treatment-alternative-medicine.html
plantar fibroma,https://www.earthclinic.com/cures/plantar-fibroma.html
plantar fibromatosis,https://www.earthclinic.com/cures/plantar-fibroma.html
plantar warts,https://www.earthclinic.com/cures/plantar-wart-remedies.html
plugged milk ducts,https://www.earthclinic.com/cures/mastitis.html
pms,https://www.earthclinic.com/cures/pms.html
pneumonia,https://www.earthclinic.com/cures/pneumonia.html
poikiloderma of civatte,https://www.earthclinic.com/cures/poikiloderma-civatte.html
"poisoning, fluoride",https://www.earthclinic.com/cures/fluoride.html
"poisoning, food",https://www.earthclinic.com/cures/food-poisoning-cure.html
"poisoning, outdoor",https://www.earthclinic.com/cures/carbon-monoxide-poisoning.html
"poisoning, pesticide",https://www.earthclinic.com/cures/pesticide-detox-remedies.html
poison ivy,https://www.earthclinic.com/cures/poison_ivy.html
poison oak,https://www.earthclinic.com/cures/poison_oak.html
polycystic ovary syndrome,https://www.earthclinic.com/cures/polycystic_ovary_syndrome.html
polycythemia vera,https://www.earthclinic.com/cures/polycythemia-vera.html
polymorphous light eruption,https://www.earthclinic.com/cures/polymorphous-light-eruption.html
polymyalgia rheumatica,https://www.earthclinic.com/cures/polymyalgia_rheumatica.html
"polyps, sinus",https://www.earthclinic.com/cures/sinus_polyps.html
poor circulation,https://www.earthclinic.com/cures/circulation.html
"poor circulation, hands and feet",https://www.earthclinic.com/cures/cold-hands-and-feet.html
"poor circulation, legs",https://www.earthclinic.com/cures/poor-circulation-legs.html
pop,https://www.earthclinic.com/cures/prolapsed-bladder.html
popliteal cyst,https://www.earthclinic.com/cures/bakers-cyst.html
"pores, clogged",https://www.earthclinic.com/cures/clogged_pores.html
"pores, large",https://www.earthclinic.com/cures/large_pores.html
porokeratosis,https://www.earthclinic.com/cures/porokeratosis.html
pos,https://www.earthclinic.com/cures/polycystic_ovary_syndrome.html
post-covid recovery,https://www.earthclinic.com/cures/post-covid-long-haulers.html
post-nasal drip,https://www.earthclinic.com/cures/post-nasal-drip.html
post-op,https://www.earthclinic.com/cures/pre-and-post-op.html
post-op - hysterectomy,https://www.earthclinic.com/cures/post-op-recovery-after-hysterectomy.html
postpartum depression,https://www.earthclinic.com/cures/postpartum.html
postpartum healing,https://www.earthclinic.com/cures/natural-remedies-for-postpartum-healing.html
postpartum issues,https://www.earthclinic.com/cures/postpartum.html
post-traumatic stress disorder,https://www.earthclinic.com/cures/post-traumatic-stress-disorder.html
"potassium, low",https://www.earthclinic.com/cures/hypokalemia.html
pots,https://www.earthclinic.com/cures/natural-treatment-for-dysautonomia.html
pregnancy issues & images,https://www.earthclinic.com/cures/healthy-pregnancy-home-remedies.html
"pregnancy, miscarriage",https://www.earthclinic.com/cures/pregnancy-miscarriage-symptoms.html
"pregnancy, morning sickness",https://www.earthclinic.com/cures/remedies-for-morning-sickness.html
pregnancy remedies,https://www.earthclinic.com/cures/healthy-pregnancy-home-remedies.html
premature ejaculation,https://www.earthclinic.com/cures/premature_ejaculation.html
pre-op,https://www.earthclinic.com/cures/pre-and-post-op.html
pressure sores,https://www.earthclinic.com/cures/bedsore.html
prickly heat,https://www.earthclinic.com/cures/miliaria.html
proctalgia fugax,https://www.earthclinic.com/cures/proctalgia-fugax.html
progressive supranuclear palsy,https://www.earthclinic.com/cures/progressive-supranuclear-palsy.html
prolapsed bladder,https://www.earthclinic.com/cures/prolapsed-bladder.html
prostate cancer,https://www.earthclinic.com/cures/prostate-cancer.html
prostate - enlarged,https://www.earthclinic.com/cures/enlarged-prostate-prostatitis.html
prurigo nodularis,https://www.earthclinic.com/cures/prurigo-nodularis.html
pseudomonas oryzihabitans,https://www.earthclinic.com/cures/pseudomonas-oryzihabitans.html
"psoriasis, art solbrig",https://www.earthclinic.com/cures/art-solbrig-psoriasis-protocol.html
"psoriasis, erythrodermic",https://www.earthclinic.com/cures/erythrodermic-pustular-psoriasis.html
"psoriasis, pustular",https://www.earthclinic.com/cures/erythrodermic-pustular-psoriasis.html
psoriasis treatment,https://www.earthclinic.com/cures/psoriasis.html
pterygium,https://www.earthclinic.com/cures/pterygium.html
ptsd,https://www.earthclinic.com/cures/post-traumatic-stress-disorder.html
"puffy eyes, swollen eyes",https://www.earthclinic.com/cures/natural-remedies-for-puffy-eyes.html
pulmonary embolism,https://www.earthclinic.com/cures/blood-clot-treatment.html
pulmonary fibrosis,https://www.earthclinic.com/cures/pulmonary-fibrosis-lung-disease-remedies.html
pulmonary hypertension,https://www.earthclinic.com/cures/pulmonary_hypertension.html
pustular psoriasis,https://www.earthclinic.com/cures/erythrodermic-pustular-psoriasis.html
pyroluria,https://www.earthclinic.com/cures/pyroluria.html
quincke's edema,https://www.earthclinic.com/cures/angioedema.html
quit smoking,https://www.earthclinic.com/cures/how-to-quit-smoking-naturally.html
ra,https://www.earthclinic.com/cures/natural-rheumatoid-arthritis-treatment.html
radiation poisoning,https://www.earthclinic.com/cures/radiation.html
rapid dumping syndrome,https://www.earthclinic.com/cures/rapid-dumping-syndrome.html
rare diseases,https://www.earthclinic.com/cures/rare-diseases.html
rash,https://www.earthclinic.com/cures/rash.html
raynaud's disease,https://www.earthclinic.com/cures/raynauds-disease-remedies.html
razor bumps,https://www.earthclinic.com/cures/razor-bumps.html
razor burn,https://www.earthclinic.com/cures/razor-burn-remedies.html
receding gums,https://www.earthclinic.com/cures/receding-gums-periodontal-gum-disease.html
rectal bleeding,https://www.earthclinic.com/cures/rectal_bleeding.html
rectal pain,https://www.earthclinic.com/cures/proctalgia-fugax.html
rectocele,https://www.earthclinic.com/cures/prolapsed-bladder.html
reflex sympathetic dystrophy,https://www.earthclinic.com/cures/reflex_sympathetic_dystrophy.html
renal cell carcinoma,https://www.earthclinic.com/cures/renal-cell-carcinoma.html
respiratory tract infection,https://www.earthclinic.com/cures/lungs.html
restless leg syndrome,https://www.earthclinic.com/cures/rls-restless-leg-syndrome.html
retinitis pigmentosa,https://www.earthclinic.com/cures/retinitis-pigmentosa.html
rheumatoid arthritis,https://www.earthclinic.com/cures/natural-rheumatoid-arthritis-treatment.html
rib pain,https://www.earthclinic.com/cures/rib-pain.html
ringing in ears,https://www.earthclinic.com/cures/tinnitus.html
ringworm,https://www.earthclinic.com/cures/ringworm.html
"ringworm, scalp",https://www.earthclinic.com/cures/natural-remedies-scalp-ringworm.html
rls,https://www.earthclinic.com/cures/rls-restless-leg-syndrome.html
rosacea,https://www.earthclinic.com/cures/rosacea.html
"rosacea, acne",https://www.earthclinic.com/cures/acne-rosacea-treatment.html
"rotator cuff, torn",https://www.earthclinic.com/cures/torn-rotator-cuff.html
saline breast implants,https://www.earthclinic.com/cures/breast-implant-side-effects.html
"saliva, excessive",https://www.earthclinic.com/cures/salivary-glands.html
salivary duct stones,https://www.earthclinic.com/cures/salivary-duct-stones.html
salivary glands,https://www.earthclinic.com/cures/salivary-glands.html
sarcoidosis,https://www.earthclinic.com/cures/sarcoidosis.html
sars-cov-2,https://www.earthclinic.com/cures/coronavirus.html
scabies,https://www.earthclinic.com/cures/scabies.html
scalp infection,https://www.earthclinic.com/cures/scalp_infections.html
scalp odor,https://www.earthclinic.com/cures/natural-remedies-for-smelly-hair-syndrome.html
scalp ringworm,https://www.earthclinic.com/cures/natural-remedies-scalp-ringworm.html
scar,https://www.earthclinic.com/cures/scar.html
"scars, acne",https://www.earthclinic.com/cures/treatment-for-acne-scars.html
"scars, keloid",https://www.earthclinic.com/cures/keloid_scar.html
schizophrenia,https://www.earthclinic.com/cures/schizophrenia.html
sciatica,https://www.earthclinic.com/cures/sciatica.html
sclerodoma,https://www.earthclinic.com/cures/crest_disease.html
scoliosis,https://www.earthclinic.com/cures/scoliosis.html
scorpion bite,https://www.earthclinic.com/cures/scorpion-bite.html
sebaceous cyst,https://www.earthclinic.com/cures/hair_follicle_cyst.html
sebaceous hyperplasia,https://www.earthclinic.com/cures/sebaceous-hyperplasia.html
seborrheic dermatitis,https://www.earthclinic.com/cures/seborrheic_dermatitis.html
seborrheic keratosis,https://www.earthclinic.com/cures/seborrheic-keratosis.html
seizures,https://www.earthclinic.com/cures/epilepsy.html
selenium poisoning,https://www.earthclinic.com/cures/selenium-poisoning.html
senile wart,https://www.earthclinic.com/cures/seborrheic-keratosis.html
sensitive teeth,https://www.earthclinic.com/cures/ten-remedies-for-sensitive-teeth.html
sensory processing disorder,https://www.earthclinic.com/cures/sensory-processing-disorder.html
sepsis,https://www.earthclinic.com/cures/blood_poisoning.html
severe dandruff,https://www.earthclinic.com/cures/seborrheic_dermatitis.html
sexually transmitted diseases,https://www.earthclinic.com/cures/sexually-transmitted-diseases.html
shaky hands,https://www.earthclinic.com/cures/natural-remedies-for-shaky-hands.html
shingles,https://www.earthclinic.com/cures/shingles.html
shin splints,https://www.earthclinic.com/cures/shin_splints.html
short height,https://www.earthclinic.com/cures/grow_taller.html
short sightedness,https://www.earthclinic.com/cures/myopia.html
"shoulder, frozen",https://www.earthclinic.com/cures/frozen-shoulder.html
shoulder pain,https://www.earthclinic.com/cures/bursitis.html
sialothiasis,https://www.earthclinic.com/cures/salivary-duct-stones.html
sibo,https://www.earthclinic.com/cures/sibo.html
sickle cell disease,https://www.earthclinic.com/cures/sickle-cell-disease.html
sids,https://www.earthclinic.com/cures/sids.html
silent reflux disease,https://www.earthclinic.com/cures/laryngopharyngeal-reflux.html
sinus congestion,https://www.earthclinic.com/cures/sinus_congestion.html
sinus headaches,https://www.earthclinic.com/cures/sinus-headache-relief-folk-medicine.html
sinus infection,https://www.earthclinic.com/cures/sinus_infection.html
sinus infection - ice cream li,https://www.earthclinic.com/cures/sinus-infection-ice-cream-chemical-link.html
sinus infection medication,https://www.earthclinic.com/cures/sinus_infection_medications.html
"sinusitis, chronic",https://www.earthclinic.com/cures/natural-remedies-for-chronic-sinusitis-relief.html
sinus polyps,https://www.earthclinic.com/cures/sinus_polyps.html
sjogren's syndrome,https://www.earthclinic.com/cures/sjogrens_syndrome.html
sjs,https://www.earthclinic.com/cures/stevens-johnson-syndrome.html
skin,https://www.earthclinic.com/cures/skin.html
"skin, abscesses",https://www.earthclinic.com/cures/boils.html
"skin, acne",https://www.earthclinic.com/cures/acne.html
"skin, age spots",https://www.earthclinic.com/cures/natural-remedies-age-spots.html
skin ailments,https://www.earthclinic.com/cures/skin-conditions.html
skin cancer,https://www.earthclinic.com/cures/all-you-need-to-know-about-skin-cancer.html
skin cancer - bcc,https://www.earthclinic.com/cures/basal_cell_carcinoma.html
skin cancer - melanoma,https://www.earthclinic.com/cures/melanoma.html
"skin conditions, various",https://www.earthclinic.com/cures/skin-conditions.html
"skin, dry",https://www.earthclinic.com/cures/home-remedies-for-dry-skin.html
skin infection,https://www.earthclinic.com/cures/skin_infections.html
"skin infections (cysts, boils)",https://www.earthclinic.com/cures/boils.html
skin issues,https://www.earthclinic.com/cures/skin.html
"skin, itchy",https://www.earthclinic.com/cures/itchy_skin.html
"skin, large pores",https://www.earthclinic.com/cures/large_pores.html
skin lesions,https://www.earthclinic.com/cures/skin_lesion.html
"skin, loose",https://www.earthclinic.com/cures/loose-skin.html
skin-picking disorder,https://www.earthclinic.com/cures/dermatillomania.html
skin tags,https://www.earthclinic.com/cures/skin_tags.html
sleep apnea,https://www.earthclinic.com/cures/sleep-apnea.html
sleep disorders,https://www.earthclinic.com/cures/sleep-disorders.html
"sleep, insomnia",https://www.earthclinic.com/cures/insomnia.html
"sleep issues, art solbrig",https://www.earthclinic.com/cures/art-solbrig-insomnia-protocol.html
sleep paralysis,https://www.earthclinic.com/cures/sleep-paralysis.html
sleep starts,https://www.earthclinic.com/cures/hypnic-jerks.html
"sleep, sweet",https://www.earthclinic.com/cures/seven-steps-for-sweet-sleep.html
slipped disc,https://www.earthclinic.com/cures/natural-treatment-for-herniated-disc.html
slipped disc,https://www.earthclinic.com/cures/slipped-disc-back-pain.html
slow metabolism,https://www.earthclinic.com/cures/slow-metabolism.html
smell loss,https://www.earthclinic.com/cures/anosmia.html
smelly hair syndrome,https://www.earthclinic.com/cures/natural-remedies-for-smelly-hair-syndrome.html
smelly urine,https://www.earthclinic.com/cures/what-should-my-urine-smell-like.html
smoking addiction,https://www.earthclinic.com/cures/how-to-quit-smoking-naturally.html
snake bite,https://www.earthclinic.com/cures/snake_bites.html
snapping hip syndrome,https://www.earthclinic.com/cures/snapping-hip-syndrome.html
snoring,https://www.earthclinic.com/cures/snoring-remedies.html
solar keratosis,https://www.earthclinic.com/cures/solar_keratosis.html
solitary rectal ulcer syndrome,https://www.earthclinic.com/cures/solitary-rectal-ulcer-syndrome.html
sore feet,https://www.earthclinic.com/cures/plantar-fasciitis-treatment-alternative-medicine.html
sore throat,https://www.earthclinic.com/cures/sore_throat.html
spasmodic torticollis,https://www.earthclinic.com/cures/spasmodic-torticollis.html
speech impairment,https://www.earthclinic.com/cures/speech_impairment.html
spermatocele,https://www.earthclinic.com/cures/spermatocele.html
sphincter of oddi dysfunction,https://www.earthclinic.com/cures/sphincter-of-oddi-dysfunction.html
spider bites,https://www.earthclinic.com/cures/spider_bite.html
"spider bites, brown recluse",https://www.earthclinic.com/cures/natural-remedies-brown-recluse-bite.html
spider veins,https://www.earthclinic.com/cures/spider_veins.html
spinal cord injury,https://www.earthclinic.com/cures/spinal_cord_injury.html
spinal stenosis,https://www.earthclinic.com/cures/spinal_stenosis.html
"spinal stenosis, art solbrig",https://www.earthclinic.com/cures/spinal-stenosis-homeopathic-protocol.html
spinal virus,https://www.earthclinic.com/cures/spinal_cord_virus.html
spleen issues,https://www.earthclinic.com/cures/spleen.html
splinters,https://www.earthclinic.com/cures/splinters.html
sports injuries,https://www.earthclinic.com/cures/sports_injuries.html
sprains,https://www.earthclinic.com/cures/sprains.html
"spurs, heel",https://www.earthclinic.com/cures/heel-spurs-treatment-home-remedies.html
squamous cell carcinoma,https://www.earthclinic.com/cures/squamous-cell-carcinoma.html
stained teeth,https://www.earthclinic.com/cures/teeth_stained.html
staph infection,https://www.earthclinic.com/cures/staph-infection.html
staphylococcal scalded skin,https://www.earthclinic.com/cures/staphylococcal-scalded-skin-syndrome.html
statin-induced neuropathy,https://www.earthclinic.com/cures/statin-induced-neuropathy.html
std,https://www.earthclinic.com/cures/sexually-transmitted-diseases.html
stem cell regeneration,https://www.earthclinic.com/cures/stem-cells.html
stevens-johnson syndrome,https://www.earthclinic.com/cures/stevens-johnson-syndrome.html
stiff neck,https://www.earthclinic.com/cures/stiff_neck.html
stinky feet,https://www.earthclinic.com/cures/stinky_feet.html
stomach ache,https://www.earthclinic.com/cures/stomach-pain.html
stomach cancer,https://www.earthclinic.com/cures/stomach-cancer.html
stomach flu,https://www.earthclinic.com/cures/stomach-flu-remedies.html
stomach pain,https://www.earthclinic.com/cures/stomach-pain.html
stomach polyps,https://www.earthclinic.com/cures/stomach_polyps.html
stomatitis,https://www.earthclinic.com/cures/angular-stomatitis-treatment.html
strep throat,https://www.earthclinic.com/cures/strep_throat.html
stress,https://www.earthclinic.com/cures/stress.html
stress test,https://www.earthclinic.com/cures/stress_test.html
stretch marks,https://www.earthclinic.com/cures/stretch_marks.html
stroke,https://www.earthclinic.com/cures/stroke.html
stuttering,https://www.earthclinic.com/cures/stuttering.html
sty (stye),https://www.earthclinic.com/cures/sty.html
sugar addiction,https://www.earthclinic.com/cures/sugar-addiction.html
sun allergy,https://www.earthclinic.com/cures/polymorphous-light-eruption.html
sunburn,https://www.earthclinic.com/cures/sunburn.html
sun spots,https://www.earthclinic.com/cures/natural-remedies-age-spots.html
"sweat, excessive",https://www.earthclinic.com/cures/sweat.html
sweating deficiency,https://www.earthclinic.com/cures/anhidrosis.html
sweat rash (miliaria),https://www.earthclinic.com/cures/miliaria.html
swelling,https://www.earthclinic.com/cures/natural-remedies-for-swelling.html
"swelling, tissues",https://www.earthclinic.com/cures/edema.html
swimmer's ear,https://www.earthclinic.com/cures/swimmers_ear.html
swine flu,https://www.earthclinic.com/cures/h1n1-swine-flu.html
swollen lymph nodes,https://www.earthclinic.com/cures/lymph_nodes.html
systemic sclerosis,https://www.earthclinic.com/cures/crest_disease.html
t2dm - magnesium protocol,https://www.earthclinic.com/cures/magnesium-for-diabetes-art-solbrig.html
tachycardia,https://www.earthclinic.com/cures/tachycardia.html
takayasu arteritis,https://www.earthclinic.com/cures/takayasu-arteritis.html
tardive dyskinesia,https://www.earthclinic.com/cures/tardive-dyskinesia.html
taste issues,https://www.earthclinic.com/cures/taste.html
t-cell lymphoma,https://www.earthclinic.com/cures/t-cell-b-cell-lymphoma.html
tea side effects,https://www.earthclinic.com/health/is-your-cherished-morning-tea-too-toxic-to-drink.html
ted's remedies,https://www.earthclinic.com/ted/multiple-ailments.html
"teeth, abscess",https://www.earthclinic.com/cures/tooth_abscess.html
teeth grinding,https://www.earthclinic.com/cures/teeth-grinding.html
"teeth, pain",https://www.earthclinic.com/cures/home-remedy-toothache-tooth-pain.html
"teeth, sensitive",https://www.earthclinic.com/cures/ten-remedies-for-sensitive-teeth.html
"teeth, stained",https://www.earthclinic.com/cures/teeth_stained.html
tendonitis,https://www.earthclinic.com/cures/tendonitis.html
"tendons, torn",https://www.earthclinic.com/cures/collagen-for-torn-ligaments.html
tennis elbow,https://www.earthclinic.com/cures/tennis_elbow.html
testicular cysts,https://www.earthclinic.com/cures/spermatocele.html
"testosterone, low",https://www.earthclinic.com/cures/low-testosterone.html
text neck,https://www.earthclinic.com/cures/text-neck-natural-remedies.html
thin skin,https://www.earthclinic.com/cures/thin-skin.html
thoracic outlet syndrome,https://www.earthclinic.com/cures/thoracic-outlet-syndrome.html
throat issues,https://www.earthclinic.com/cures/throat_issues.html
throat spasm,https://www.earthclinic.com/cures/cricopharyngeal-spasm.html
"throwing up, severe",https://www.earthclinic.com/cures/vomit.html
thrush,https://www.earthclinic.com/cures/thrush.html
thyroid,https://www.earthclinic.com/cures/thyroid.html
tic,https://www.earthclinic.com/cures/tic.html
tick bites,https://www.earthclinic.com/cures/ticks.html
tinea capitis,https://www.earthclinic.com/cures/natural-remedies-scalp-ringworm.html
tinea corporis,https://www.earthclinic.com/cures/ringworm.html
tinea pedis,https://www.earthclinic.com/cures/athletes_foot.html
tinea versicolor,https://www.earthclinic.com/cures/tinea-versicolor.html
tingling,https://www.earthclinic.com/cures/paresthesia.html
tinnitus,https://www.earthclinic.com/cures/tinnitus.html
tired,https://www.earthclinic.com/cures/fatigue.html
tmj,https://www.earthclinic.com/cures/tmj.html
toenail fungus,https://www.earthclinic.com/cures/fungus.html
tongue issues,https://www.earthclinic.com/cures/tongue_issues.html
"tongue, white",https://www.earthclinic.com/cures/tongue.html
tonsil issues,https://www.earthclinic.com/cures/tonsils.html
tonsillitis,https://www.earthclinic.com/cures/tonsils.html
tonsil stones,https://www.earthclinic.com/cures/tonsil-stones.html
tooth abscess,https://www.earthclinic.com/cures/tooth_abscess.html
toothache,https://www.earthclinic.com/cures/home-remedy-toothache-tooth-pain.html
tooth enamel,https://www.earthclinic.com/cures/tooth_enamel.html
tooth extraction pain,https://www.earthclinic.com/cures/dental-extraction-pain.html
tooth grinding,https://www.earthclinic.com/cures/teeth-grinding.html
tooth infection,https://www.earthclinic.com/cures/tooth_abscess.html
tooth loss,https://www.earthclinic.com/cures/tooth_loss.html
torn ligaments,https://www.earthclinic.com/cures/collagen-for-torn-ligaments.html
torn rotator cuff,https://www.earthclinic.com/cures/torn-rotator-cuff.html
torn tendons,https://www.earthclinic.com/cures/collagen-for-torn-ligaments.html
torticollis,https://www.earthclinic.com/cures/torticollis.html
tourette's syndrome,https://www.earthclinic.com/cures/tourettes.html
toxic mold exposure,https://www.earthclinic.com/cures/mold.html
"tremor, essential",https://www.earthclinic.com/cures/essential-tremor.html
trichomoniasis,https://www.earthclinic.com/cures/trichomoniasis.html
trichotillomania,https://www.earthclinic.com/cures/trichotillomania.html
trigeminal neuralgia,https://www.earthclinic.com/cures/trigeminal-neuralgia-treatment.html
trigger finger,https://www.earthclinic.com/cures/trigger_finger.html
tropical ulcer,https://www.earthclinic.com/cures/tropical-ulcer.html
tuberculosis,https://www.earthclinic.com/cures/tuberculosis.html
tuberous sclerosis,https://www.earthclinic.com/cures/bournevilles-disease-holistic-treatment.html
"tumor, fibrous",https://www.earthclinic.com/cures/bournevilles-disease-holistic-treatment.html
"tumors, benign",https://www.earthclinic.com/cures/natural-remedies-for-benign-tumors.html
twitching eyes,https://www.earthclinic.com/cures/how-to-stop-eye-twitching-naturally.html
type ii diabetes,https://www.earthclinic.com/cures/diabetes-type-ii-treatment.html
ulcerative colitis,https://www.earthclinic.com/cures/ulcerative-colitis-holistic-treatment.html
ulcerative colitis - art solbr,https://www.earthclinic.com/cures/art-solbrig-protocol-ulcerative-colitis.html
ulcers,https://www.earthclinic.com/cures/ulcer.html
underarm odor,https://www.earthclinic.com/cures/body_odor.html
underweight,https://www.earthclinic.com/cures/weight-gain-supplements-best-foods.html
unknown/mystery diagnosis,https://www.earthclinic.com/cures/mystery-diagnosis.html
upper respiratory infection,https://www.earthclinic.com/cures/natural-remedies-for-upper-respiratory-infections.html
uri,https://www.earthclinic.com/cures/natural-remedies-for-upper-respiratory-infections.html
urinary incontinence,https://www.earthclinic.com/cures/urinary-incontinence.html
"urination, frequent",https://www.earthclinic.com/cures/frequent-urination.html
"urination, night time",https://www.earthclinic.com/cures/nocturnal-urination.html
"urine, bad smell",https://www.earthclinic.com/cures/what-should-my-urine-smell-like.html
"urticaria, exercise-induced",https://www.earthclinic.com/cures/exercised-induced-urticaria-treatment-remedies.html
"urticaria, hives",https://www.earthclinic.com/cures/hives.html
uterine fibroids,https://www.earthclinic.com/cures/fibroids.html
uti,https://www.earthclinic.com/cures/bladder_infection.html
"uti, chronic",https://www.earthclinic.com/cures/chronic-bladder-infection-remedies.html
vaccinations,https://www.earthclinic.com/cures/vaccinations.html
"vaccine side effects, covid",https://www.earthclinic.com/cures/covid-vaccine-side-effects.html
vaginal atrophy,https://www.earthclinic.com/cures/vaginal-atrophy.html
vaginal cysts,https://www.earthclinic.com/cures/vaginal_cysts.html
vaginal dryness,https://www.earthclinic.com/cures/vaginal-dryness-atrophic-vaginitis-natural-treatment.html
vaginal itching,https://www.earthclinic.com/cures/vaginal-itching.html
vaginal warts/genital warts,https://www.earthclinic.com/cures/genital_warts_hpv.html
vaginosis,https://www.earthclinic.com/cures/bacterial_vaginosis.html
"vaginosis, cytolytic",https://www.earthclinic.com/cures/natural-remedies-for-cytolytic-vaginosis.html
valley fever,https://www.earthclinic.com/cures/valley-fever.html
varicose veins,https://www.earthclinic.com/cures/varicose-vein-treatment-natural-remedies.html
vasculitis,https://www.earthclinic.com/cures/vasculitis.html
vasovagal syncope,https://www.earthclinic.com/cures/vasovagal-syncope.html
vein obstructions,https://www.earthclinic.com/cures/veins.html
"veins, varicose",https://www.earthclinic.com/cures/varicose-vein-treatment-natural-remedies.html
verrucas,https://www.earthclinic.com/cures/plantar-wart-remedies.html
vertigo,https://www.earthclinic.com/cures/vertigo.html
viral conjunctivitis,https://www.earthclinic.com/cures/viral_conjunctivitis.html
viral gastroenteritis,https://www.earthclinic.com/cures/stomach-flu-remedies.html
"viral hepatitis treatment, oscar's",https://www.earthclinic.com/cures/viral-hepatitis-treatment-by-oscar.html
"virus, chronic",https://www.earthclinic.com/cures/virus.html
"virus, flu",https://www.earthclinic.com/cures/flu.html
"virus, h1n1",https://www.earthclinic.com/cures/h1n1-swine-flu.html
"virus, spinal cord",https://www.earthclinic.com/cures/spinal_cord_virus.html
"virus, stomach",https://www.earthclinic.com/cures/stomach-flu-remedies.html
"vision, blurry",https://www.earthclinic.com/cures/blurry-eyes.html
"vision problems, eye floaters",https://www.earthclinic.com/cures/eye-floaters.html
"vision, weak",https://www.earthclinic.com/cures/eyes-vision.html
vitiligo treatment,https://www.earthclinic.com/cures/vitiligo.html
voice issues,https://www.earthclinic.com/cures/voice-issues.html
vomiting,https://www.earthclinic.com/cures/vomit.html
vulvodynia,https://www.earthclinic.com/cures/vulvodynia.html
warts,https://www.earthclinic.com/cures/warts.html
"warts, plantars",https://www.earthclinic.com/cures/plantar-wart-remedies.html
water intoxication,https://www.earthclinic.com/cures/water_intoxication.html
water retention,https://www.earthclinic.com/cures/fluid_retention.html
weak immune system,https://www.earthclinic.com/cures/weak-immune-system-boosters.html
weak nails,https://www.earthclinic.com/cures/nail-health-nail-growth.html
weight gain,https://www.earthclinic.com/cures/weight-loss-remedies.html
weight gain remedies,https://www.earthclinic.com/cures/weight-gain-supplements-best-foods.html
weight loss: 5:2 diet,https://www.earthclinic.com/cures/does-the-5-2-diet-work.html
west nile virus,https://www.earthclinic.com/cures/west-nile-virus.html
wheezing,https://www.earthclinic.com/cures/wheezing.html
where to buy remedies,https://www.earthclinic.com/cures/where_to_buy.html
"white blood cell count, low",https://www.earthclinic.com/cures/low-white-blood-cell-count.html
white coated tongue,https://www.earthclinic.com/cures/tongue.html
whooping cough,https://www.earthclinic.com/cures/whooping-cough.html
wisdom tooth extraction pain,https://www.earthclinic.com/cures/dental-extraction-pain.html
wolff-parkinson-white syndrome,https://www.earthclinic.com/cures/wolff-parkinson-white-syndrome.html
worms,https://www.earthclinic.com/cures/parasites.html
wounds,https://www.earthclinic.com/cures/cuts.html
xanthelasma polyps,https://www.earthclinic.com/cures/xanthelasma-polyps.html
xanthoma,https://www.earthclinic.com/cures/xanthoma.html
yeast infections,https://www.earthclinic.com/cures/yeast_infection.html
